frame,time,x,y
1,0,883.5,583.5
2,0.0333333,883.166666668965,583.72222222069
3,0.0666667,882.833333337931,583.944444441379
4,0.1,882.500000006896,584.166666662069
5,0.1333333,882.166666675862,584.388888882759
6,0.1666667,881.833333344827,584.611111103448
7,0.2,881.500000013793,584.833333324138
8,0.2333334,881.166666682759,585.055555544828
9,0.2666667,880.833333351724,585.277777765517
10,0.3,880.5,585.5
11,0.3333333,880.000000003448,585.899999997241
12,0.3666666,879.500000006897,586.299999994483
13,0.4,879.000000010345,586.699999991724
14,0.4333333,878.500000013793,587.099999988965
15,0.4666667,878.000000017242,587.499999986207
16,0.5,877.50000002069,587.899999983448
17,0.5333333,877.000000024138,588.299999980689
18,0.5666667,876.500000027586,588.699999977931
19,0.6,876.000000031035,589.099999975172
20,0.6333333,875.500000034483,589.499999972413
21,0.6666666,875.000000037931,589.899999969655
22,0.7,874.50000004138,590.299999966896
23,0.7333333,874.000000044828,590.699999964137
24,0.7666667,873.500000048276,591.099999961379
25,0.8,873,591.5
26,0.8333334,872.458333337069,591.916666663793
27,0.8666666,871.916666674138,592.333333327586
28,0.9,871.375000011207,592.749999991379
29,0.9333333,870.833333348276,593.166666655172
30,0.9666667,870.291666685345,593.583333318965
31,1,869.750000022414,593.999999982758
32,1.0333333,869.208333359483,594.416666646552
33,1.0666667,868.666666696552,594.833333310345
34,1.1,868.125000033621,595.249999974138
35,1.1333334,867.58333337069,595.666666637931
36,1.1666667,867.041666707759,596.083333301724
37,1.2,866.5,596.5
38,1.2333333,866.1428570943,596.42857141886
39,1.2666667,865.7857141886,596.35714283772
40,1.3,865.428571282899,596.28571425658
41,1.3333333,865.071428377199,596.21428567544
42,1.3666667,864.714285471499,596.1428570943
43,1.4,864.357142565799,596.07142851316
44,1.4333333,864,596
45,1.4666667,864,596
46,1.5,864,596
47,1.5333334,864,596
48,1.5666666,864,596
49,1.6,864,596
50,1.6333333,864,596
51,1.6666667,864,596
52,1.7,864,596
53,1.7333333,863.92857141886,596.07142858114
54,1.7666667,863.85714283772,596.14285716228
55,1.8,863.78571425658,596.21428574342
56,1.8333334,863.71428567544,596.28571432456
57,1.8666666,863.6428570943,596.3571429057
58,1.9,863.57142851316,596.42857148684
59,1.9333333,863.5,596.5
60,1.9666667,863.450000010345,596.649999968966
61,2,863.40000002069,596.799999937931
62,2.0333334,863.350000031034,596.949999906897
63,2.0666667,863.300000041379,597.099999875862
64,2.1,863.250000051724,597.249999844828
65,2.1333333,863.200000062069,597.399999813793
66,2.1666667,863.150000072414,597.549999782759
67,2.2,863.100000082758,597.699999751724
68,2.2333333,863.050000093103,597.84999972069
69,2.2666667,863,598
70,2.3,862.818181786378,598.272727320433
71,2.3333333,862.636363572756,598.545454640866
72,2.3666666,862.454545359134,598.8181819613
73,2.4,862.272727145511,599.090909281733
74,2.4333334,862.090908931889,599.363636602166
75,2.4666667,861.909090718267,599.636363922599
76,2.5,861.727272504645,599.909091243032
77,2.5333333,861.545454291023,600.181818563466
78,2.5666667,861.363636077401,600.454545883899
79,2.6,861.181817863779,600.727273204332
80,2.6333333,861,601
81,2.6666667,860.700000062069,601.249999948276
82,2.7,860.400000124138,601.499999896552
83,2.7333334,860.100000186207,601.749999844828
84,2.7666667,859.800000248276,601.999999793103
85,2.8,859.500000310345,602.249999741379
86,2.8333333,859.200000372414,602.499999689655
87,2.8666667,858.900000434483,602.749999637931
88,2.9,858.600000496552,602.999999586207
89,2.9333333,858.300000558621,603.249999534483
90,2.9666667,858,603.5
91,3,857.818181835965,603.727272705044
92,3.0333334,857.636363671929,603.954545410088
93,3.0666666,857.454545507894,604.181818115133
94,3.1,857.272727343859,604.409090820177
95,3.1333333,857.090909179823,604.636363525221
96,3.1666666,856.909091015788,604.863636230265
97,3.2,856.727272851753,605.090908935309
98,3.2333333,856.545454687717,605.318181640353
99,3.2666667,856.363636523682,605.545454345398
100,3.3,856.181818359647,605.772727050442
101,3.3333334,856,606
102,3.3666667,856.050000004655,606.200000018621
103,3.4,856.10000000931,606.400000037241
104,3.4333333,856.150000013966,606.600000055862
105,3.4666667,856.200000018621,606.800000074483
106,3.5,856.250000023276,607.000000093103
107,3.5333334,856.300000027931,607.200000111724
108,3.5666666,856.350000032587,607.400000130345
109,3.6,856.400000037242,607.600000148966
110,3.6333333,856.450000041897,607.800000167586
111,3.6666667,856.5,608
112,3.7,856.611111147382,607.944444426309
113,3.7333333,856.722222294764,607.888888852618
114,3.7666666,856.833333442146,607.833333278927
115,3.8,856.944444589527,607.777777705236
116,3.8333334,857.055555736909,607.722222131545
117,3.8666667,857.166666884291,607.666666557855
118,3.9,857.277778031673,607.611110984164
119,3.9333334,857.388889179055,607.555555410473
120,3.9666666,857.5,607.5
121,4,857.590909057224,607.5
122,4.0333333,857.681818114449,607.5
123,4.0666667,857.772727171673,607.5
124,4.1,857.863636228897,607.5
125,4.1333333,857.954545286121,607.5
126,4.1666666,858.045454343346,607.5
127,4.2,858.13636340057,607.5
128,4.2333333,858.227272457794,607.5
129,4.2666667,858.318181515019,607.5
130,4.3,858.409090572243,607.5
131,4.3333334,858.5,607.5
132,4.3666666,858.647058839816,607.5
133,4.4,858.794117679632,607.5
134,4.4333333,858.941176519449,607.5
135,4.4666667,859.088235359265,607.5
136,4.5,859.235294199081,607.5
137,4.5333333,859.382353038897,607.5
138,4.5666666,859.529411878714,607.5
139,4.6,859.67647071853,607.5
140,4.6333333,859.823529558346,607.5
141,4.6666667,859.970588398162,607.5
142,4.7,860.117647237979,607.5
143,4.7333334,860.264706077795,607.5
144,4.7666666,860.411764917611,607.5
145,4.8,860.558823757427,607.5
146,4.8333333,860.705882597244,607.5
147,4.8666667,860.85294143706,607.5
148,4.9,861,607.5
149,4.9333333,861.115384623465,607.5
150,4.9666667,861.230769246929,607.5
151,5,861.346153870394,607.5
152,5.0333333,861.461538493858,607.5
153,5.0666666,861.576923117323,607.5
154,5.1,861.692307740787,607.5
155,5.1333334,861.807692364252,607.5
156,5.1666667,861.923076987717,607.5
157,5.2,862.038461611181,607.5
158,5.2333333,862.153846234646,607.5
159,5.2666666,862.26923085811,607.5
160,5.3,862.384615481575,607.5
161,5.3333333,862.5,607.5
162,5.3666667,862.416666667241,607.458333333621
163,5.4,862.333333334483,607.416666667241
164,5.4333334,862.250000001724,607.375000000862
165,5.4666666,862.166666668965,607.333333334483
166,5.5,862.083333336207,607.291666668103
167,5.5333333,862.000000003448,607.250000001724
168,5.5666667,861.91666667069,607.208333335345
169,5.6,861.833333337931,607.166666668965
170,5.6333333,861.750000005172,607.125000002586
171,5.6666666,861.666666672414,607.083333336207
172,5.7,861.583333339655,607.041666669828
173,5.7333333,861.5,607
174,5.7666667,861.5,607.10000000931
175,5.8,861.5,607.200000018621
176,5.8333334,861.5,607.300000027931
177,5.8666666,861.5,607.400000037241
178,5.9,861.5,607.500000046551
179,5.9333333,861.5,607.600000055862
180,5.9666667,861.5,607.700000065172
181,6,861.5,607.800000074482
182,6.0333333,861.5,607.900000083793
183,6.0666666,861.5,608
184,6.1,861.40000002069,608.049999989655
185,6.1333333,861.300000041379,608.09999997931
186,6.1666667,861.200000062069,608.149999968966
187,6.2,861.100000082759,608.199999958621
188,6.2333334,861.000000103449,608.249999948276
189,6.2666666,860.900000124138,608.299999937931
190,6.3,860.800000144828,608.349999927586
191,6.3333333,860.700000165518,608.399999917241
192,6.3666667,860.600000186207,608.449999906897
193,6.4,860.5,608.5
194,6.4333333,860.333333334483,608.583333332759
195,6.4666666,860.166666668965,608.666666665517
196,6.5,860.000000003448,608.749999998276
197,6.5333333,859.833333337931,608.833333331035
198,6.5666667,859.666666672414,608.916666663793
199,6.6,859.5,609
200,6.6333334,859.39285712829,609.14285716228
201,6.6666666,859.28571425658,609.28571432456
202,6.7,859.17857138487,609.42857148684
203,6.7333333,859.07142851316,609.57142864912
204,6.7666667,858.96428564145,609.7142858114
205,6.8,858.85714276974,609.85714297368
206,6.8333333,858.74999989803,610.00000013596
207,6.8666666,858.64285702632,610.14285729824
208,6.9,858.53571415461,610.28571446052
209,6.9333333,858.4285712829,610.428571622801
210,6.9666667,858.32142841119,610.571428785081
211,7,858.21428553948,610.714285947361
212,7.0333334,858.10714266777,610.857143109641
213,7.0666666,858,611
214,7.1,858.041666666379,611.124999999138
215,7.1333333,858.083333332759,611.249999998276
216,7.1666667,858.124999999138,611.374999997414
217,7.2,858.166666665517,611.499999996552
218,7.2333333,858.208333331896,611.624999995689
219,7.2666666,858.249999998276,611.749999994827
220,7.3,858.291666664655,611.874999993965
221,7.3333333,858.333333331034,611.999999993103
222,7.3666667,858.374999997413,612.124999992241
223,7.4,858.416666663793,612.249999991379
224,7.4333334,858.458333330172,612.374999990517
225,7.4666666,858.5,612.5
226,7.5,858.59999997931,613.099999875862
227,7.5333333,858.699999958621,613.699999751724
228,7.5666667,858.799999937931,614.299999627586
229,7.6,858.899999917241,614.899999503448
230,7.6333333,859,615.5
231,7.6666666,859.249999873276,615.749999873276
232,7.7,859.499999746552,615.999999746552
233,7.7333333,859.749999619828,616.249999619828
234,7.7666667,860,616.5
235,7.8,860.07142858114,616.5
236,7.8333334,860.14285716228,616.5
237,7.8666666,860.21428574342,616.5
238,7.9,860.28571432456,616.5
239,7.9333333,860.3571429057,616.5
240,7.9666667,860.42857148684,616.5
241,8,860.5,616.5
242,8.0333333,860.187500041218,616.437500008244
243,8.0666666,859.875000082435,616.375000016487
244,8.1,859.562500123653,616.312500024731
245,8.1333333,859.25000016487,616.250000032974
246,8.1666667,858.937500206088,616.187500041218
247,8.2,858.625000247306,616.125000049461
248,8.2333333,858.312500288523,616.062500057705
249,8.2666667,858,616
250,8.3,855.799999795172,616.050000004655
251,8.3333333,853.599999590345,616.10000000931
252,8.3666667,851.399999385517,616.150000013965
253,8.4,849.199999180689,616.200000018621
254,8.4333333,846.999998975862,616.250000023276
255,8.4666666,844.799998771034,616.300000027931
256,8.5,842.599998566207,616.350000032586
257,8.5333333,840.399998361379,616.400000037241
258,8.5666667,838.199998156551,616.450000041897
259,8.6,836,616.5
260,8.6333334,831.999999456158,616.35714283772
261,8.6666666,827.999998912315,616.21428567544
262,8.7,823.999998368473,616.07142851316
263,8.7333333,819.99999782463,615.92857135088
264,8.7666667,815.999997280788,615.7857141886
265,8.8,811.999996736946,615.64285702632
266,8.8333333,808,615.5
267,8.8666666,802.583336079022,615.416666708908
268,8.9,797.166672158043,615.333333417816
269,8.9333333,791.750008237065,615.250000126724
270,8.9666667,786.333344316086,615.166666835632
271,9,780.916680395108,615.08333354454
272,9.0333334,775.5,615
273,9.0666666,769.357139389301,614.928571388248
274,9.1,763.214278778603,614.857142776495
275,9.1333333,757.071418167904,614.785714164743
276,9.1666667,750.928557557205,614.714285552991
277,9.2,744.785696946507,614.642856941239
278,9.2333333,738.642836335808,614.571428329486
279,9.2666666,732.5,614.5
280,9.3,725.500003548274,614.375000063362
281,9.3333333,718.500007096548,614.250000126724
282,9.3666667,711.500010644822,614.125000190086
283,9.4,704.5,614
284,9.4333334,698.749998602155,613.624999908836
285,9.4666666,692.99999720431,613.249999817672
286,9.5,687.249995806465,612.874999726508
287,9.5333333,681.5,612.5
288,9.5666667,676.124998693319,613.12500015194
289,9.6,670.749997386637,613.750000303879
290,9.6333333,665.374996079956,614.375000455819
291,9.6666666,660,615
292,9.7,NaN,NaN
293,9.7333333,NaN,NaN
294,9.7666667,NaN,NaN
295,9.8,NaN,NaN
296,9.8333334,NaN,NaN
297,9.8666666,NaN,NaN
298,9.9,NaN,NaN
299,9.9333333,NaN,NaN
300,9.9666667,NaN,NaN
301,10,NaN,NaN
302,10.0333333,NaN,NaN
303,10.0666666,NaN,NaN
304,10.1,NaN,NaN
305,10.1333333,NaN,NaN
306,10.1666667,NaN,NaN
307,10.2,NaN,NaN
308,10.2333334,NaN,NaN
309,10.2666666,NaN,NaN
310,10.3,NaN,NaN
311,10.3333333,NaN,NaN
312,10.3666667,NaN,NaN
313,10.4,NaN,NaN
314,10.4333333,NaN,NaN
315,10.4666666,NaN,NaN
316,10.5,NaN,NaN
317,10.5333333,NaN,NaN
318,10.5666667,NaN,NaN
319,10.6,NaN,NaN
320,10.6333334,NaN,NaN
321,10.6666666,NaN,NaN
322,10.7,NaN,NaN
323,10.7333333,NaN,NaN
324,10.7666667,NaN,NaN
325,10.8,NaN,NaN
326,10.8333333,NaN,NaN
327,10.8666666,NaN,NaN
328,10.9,NaN,NaN
329,10.9333333,NaN,NaN
330,10.9666667,NaN,NaN
331,11,NaN,NaN
332,11.0333334,NaN,NaN
333,11.0666666,NaN,NaN
334,11.1,NaN,NaN
335,11.1333333,NaN,NaN
336,11.1666667,NaN,NaN
337,11.2,NaN,NaN
338,11.2333333,NaN,NaN
339,11.2666666,NaN,NaN
340,11.3,NaN,NaN
341,11.3333333,NaN,NaN
342,11.3666667,NaN,NaN
343,11.4,NaN,NaN
344,11.4333334,NaN,NaN
345,11.4666666,NaN,NaN
346,11.5,NaN,NaN
347,11.5333333,NaN,NaN
348,11.5666667,NaN,NaN
349,11.6,NaN,NaN
350,11.6333333,NaN,NaN
351,11.6666666,NaN,NaN
352,11.7,NaN,NaN
353,11.7333333,NaN,NaN
354,11.7666667,NaN,NaN
355,11.8,NaN,NaN
356,11.8333334,NaN,NaN
357,11.8666666,NaN,NaN
358,11.9,NaN,NaN
359,11.9333333,NaN,NaN
360,11.9666666,NaN,NaN
361,12,NaN,NaN
362,12.0333333,NaN,NaN
363,12.0666667,NaN,NaN
364,12.1,NaN,NaN
365,12.1333334,NaN,NaN
366,12.1666666,NaN,NaN
367,12.2,NaN,NaN
368,12.2333333,NaN,NaN
369,12.2666667,NaN,NaN
370,12.3,NaN,NaN
371,12.3333333,NaN,NaN
372,12.3666666,NaN,NaN
373,12.4,NaN,NaN
374,12.4333333,NaN,NaN
375,12.4666667,NaN,NaN
376,12.5,NaN,NaN
377,12.5333334,NaN,NaN
378,12.5666666,NaN,NaN
379,12.6,NaN,NaN
380,12.6333333,NaN,NaN
381,12.6666667,NaN,NaN
382,12.7,NaN,NaN
383,12.7333333,NaN,NaN
384,12.7666666,NaN,NaN
385,12.8,NaN,NaN
386,12.8333333,NaN,NaN
387,12.8666667,NaN,NaN
388,12.9,NaN,NaN
389,12.9333334,NaN,NaN
390,12.9666666,NaN,NaN
391,13,NaN,NaN
392,13.0333333,NaN,NaN
393,13.0666667,NaN,NaN
394,13.1,NaN,NaN
395,13.1333333,NaN,NaN
396,13.1666666,NaN,NaN
397,13.2,NaN,NaN
398,13.2333334,NaN,NaN
399,13.2666667,NaN,NaN
400,13.3,NaN,NaN
401,13.3333333,NaN,NaN
402,13.3666666,NaN,NaN
403,13.4,NaN,NaN
404,13.4333333,NaN,NaN
405,13.4666667,NaN,NaN
406,13.5,NaN,NaN
407,13.5333334,NaN,NaN
408,13.5666666,NaN,NaN
409,13.6,NaN,NaN
410,13.6333333,NaN,NaN
411,13.6666667,NaN,NaN
412,13.7,NaN,NaN
413,13.7333333,NaN,NaN
414,13.7666666,NaN,NaN
415,13.8,NaN,NaN
416,13.8333333,NaN,NaN
417,13.8666667,NaN,NaN
418,13.9,NaN,NaN
419,13.9333333,NaN,NaN
420,13.9666667,NaN,NaN
421,14,NaN,NaN
422,14.0333333,NaN,NaN
423,14.0666667,NaN,NaN
424,14.1,NaN,NaN
425,14.1333334,NaN,NaN
426,14.1666666,NaN,NaN
427,14.2,NaN,NaN
428,14.2333333,NaN,NaN
429,14.2666667,NaN,NaN
430,14.3,NaN,NaN
431,14.3333333,NaN,NaN
432,14.3666666,NaN,NaN
433,14.4,NaN,NaN
434,14.4333333,NaN,NaN
435,14.4666667,NaN,NaN
436,14.5,NaN,NaN
437,14.5333334,NaN,NaN
438,14.5666666,NaN,NaN
439,14.6,NaN,NaN
440,14.6333333,NaN,NaN
441,14.6666667,NaN,NaN
442,14.7,NaN,NaN
443,14.7333333,NaN,NaN
444,14.7666666,NaN,NaN
445,14.8,NaN,NaN
446,14.8333333,NaN,NaN
447,14.8666667,NaN,NaN
448,14.9,NaN,NaN
449,14.9333334,NaN,NaN
450,14.9666666,NaN,NaN
451,15,NaN,NaN
452,15.0333333,NaN,NaN
453,15.0666667,NaN,NaN
454,15.1,NaN,NaN
455,15.1333333,NaN,NaN
456,15.1666666,NaN,NaN
457,15.2,NaN,NaN
458,15.2333333,NaN,NaN
459,15.2666667,NaN,NaN
460,15.3,NaN,NaN
461,15.3333334,NaN,NaN
462,15.3666666,NaN,NaN
463,15.4,NaN,NaN
464,15.4333333,NaN,NaN
465,15.4666667,NaN,NaN
466,15.5,NaN,NaN
467,15.5333333,NaN,NaN
468,15.5666666,NaN,NaN
469,15.6,NaN,NaN
470,15.6333333,NaN,NaN
471,15.6666667,NaN,NaN
472,15.7,NaN,NaN
473,15.7333334,NaN,NaN
474,15.7666666,NaN,NaN
475,15.8,NaN,NaN
476,15.8333333,NaN,NaN
477,15.8666667,NaN,NaN
478,15.9,NaN,NaN
479,15.9333333,NaN,NaN
480,15.9666666,NaN,NaN
481,16,NaN,NaN
482,16.0333333,NaN,NaN
483,16.0666667,NaN,NaN
484,16.1,NaN,NaN
485,16.1333334,NaN,NaN
486,16.1666666,NaN,NaN
487,16.2,NaN,NaN
488,16.2333333,NaN,NaN
489,16.2666667,NaN,NaN
490,16.3,NaN,NaN
491,16.3333333,NaN,NaN
492,16.3666666,NaN,NaN
493,16.4,NaN,NaN
494,16.4333333,NaN,NaN
495,16.4666667,NaN,NaN
496,16.5,NaN,NaN
497,16.5333334,NaN,NaN
498,16.5666666,NaN,NaN
499,16.6,NaN,NaN
500,16.6333333,NaN,NaN
501,16.6666666,NaN,NaN
502,16.7,NaN,NaN
503,16.7333333,NaN,NaN
504,16.7666667,NaN,NaN
505,16.8,NaN,NaN
506,16.8333334,NaN,NaN
507,16.8666666,NaN,NaN
508,16.9,NaN,NaN
509,16.9333333,NaN,NaN
510,16.9666667,NaN,NaN
511,17,NaN,NaN
512,17.0333333,NaN,NaN
513,17.0666666,NaN,NaN
514,17.1,NaN,NaN
515,17.1333333,NaN,NaN
516,17.1666667,NaN,NaN
517,17.2,NaN,NaN
518,17.2333334,NaN,NaN
519,17.2666666,NaN,NaN
520,17.3,NaN,NaN
521,17.3333333,NaN,NaN
522,17.3666667,NaN,NaN
523,17.4,NaN,NaN
524,17.4333333,NaN,NaN
525,17.4666666,NaN,NaN
526,17.5,NaN,NaN
527,17.5333333,NaN,NaN
528,17.5666667,NaN,NaN
529,17.6,NaN,NaN
530,17.6333334,NaN,NaN
531,17.6666666,NaN,NaN
532,17.7,NaN,NaN
533,17.7333333,NaN,NaN
534,17.7666667,NaN,NaN
535,17.8,NaN,NaN
536,17.8333333,NaN,NaN
537,17.8666666,NaN,NaN
538,17.9,NaN,NaN
539,17.9333333,NaN,NaN
540,17.9666667,NaN,NaN
541,18,NaN,NaN
542,18.0333334,NaN,NaN
543,18.0666666,NaN,NaN
544,18.1,NaN,NaN
545,18.1333333,NaN,NaN
546,18.1666667,NaN,NaN
547,18.2,NaN,NaN
548,18.2333333,NaN,NaN
549,18.2666666,NaN,NaN
550,18.3,NaN,NaN
551,18.3333333,NaN,NaN
552,18.3666667,NaN,NaN
553,18.4,NaN,NaN
554,18.4333334,NaN,NaN
555,18.4666666,NaN,NaN
556,18.5,NaN,NaN
557,18.5333333,NaN,NaN
558,18.5666667,NaN,NaN
559,18.6,NaN,NaN
560,18.6333333,NaN,NaN
561,18.6666666,NaN,NaN
562,18.7,NaN,NaN
563,18.7333333,NaN,NaN
564,18.7666667,NaN,NaN
565,18.8,NaN,NaN
566,18.8333334,NaN,NaN
567,18.8666666,NaN,NaN
568,18.9,NaN,NaN
569,18.9333333,NaN,NaN
570,18.9666667,NaN,NaN
571,19,NaN,NaN
572,19.0333333,NaN,NaN
573,19.0666666,NaN,NaN
574,19.1,NaN,NaN
575,19.1333333,NaN,NaN
576,19.1666667,NaN,NaN
577,19.2,NaN,NaN
578,19.2333334,NaN,NaN
579,19.2666666,NaN,NaN
580,19.3,NaN,NaN
581,19.3333333,NaN,NaN
582,19.3666667,NaN,NaN
583,19.4,NaN,NaN
584,19.4333333,NaN,NaN
585,19.4666666,NaN,NaN
586,19.5,NaN,NaN
587,19.5333333,NaN,NaN
588,19.5666667,NaN,NaN
589,19.6,NaN,NaN
590,19.6333334,NaN,NaN
591,19.6666666,NaN,NaN
592,19.7,NaN,NaN
593,19.7333333,NaN,NaN
594,19.7666667,NaN,NaN
595,19.8,NaN,NaN
596,19.8333333,NaN,NaN
597,19.8666666,NaN,NaN
598,19.9,NaN,NaN
599,19.9333333,NaN,NaN
600,19.9666667,NaN,NaN
601,20,NaN,NaN
602,20.0333333,NaN,NaN
603,20.0666667,NaN,NaN
604,20.1,NaN,NaN
605,20.1333333,NaN,NaN
606,20.1666667,NaN,NaN
607,20.2,NaN,NaN
608,20.2333334,NaN,NaN
609,20.2666666,NaN,NaN
610,20.3,NaN,NaN
611,20.3333333,NaN,NaN
612,20.3666667,NaN,NaN
613,20.4,NaN,NaN
614,20.4333333,NaN,NaN
615,20.4666666,NaN,NaN
616,20.5,NaN,NaN
617,20.5333333,NaN,NaN
618,20.5666667,NaN,NaN
619,20.6,NaN,NaN
620,20.6333334,NaN,NaN
621,20.6666666,NaN,NaN
622,20.7,NaN,NaN
623,20.7333333,NaN,NaN
624,20.7666667,NaN,NaN
625,20.8,NaN,NaN
626,20.8333333,NaN,NaN
627,20.8666666,NaN,NaN
628,20.9,NaN,NaN
629,20.9333334,NaN,NaN
630,20.9666667,NaN,NaN
631,21,NaN,NaN
632,21.0333333,NaN,NaN
633,21.0666666,NaN,NaN
634,21.1,NaN,NaN
635,21.1333333,NaN,NaN
636,21.1666667,NaN,NaN
637,21.2,NaN,NaN
638,21.2333334,NaN,NaN
639,21.2666666,NaN,NaN
640,21.3,NaN,NaN
641,21.3333333,NaN,NaN
642,21.3666667,NaN,NaN
643,21.4,NaN,NaN
644,21.4333333,NaN,NaN
645,21.4666666,NaN,NaN
646,21.5,NaN,NaN
647,21.5333333,661.5,235
648,21.5666667,665.699999237064,235.099999981835
649,21.6,669.899998474129,235.19999996367
650,21.6333334,674.099997711193,235.299999945505
651,21.6666666,678.299996948258,235.399999927339
652,21.7,682.5,235.5
653,21.7333333,687.766666763303,235.76666667156
654,21.7666667,693.033333526606,236.033333343119
655,21.8,698.300000289908,236.300000014679
656,21.8333333,703.566667053211,236.566666686238
657,21.8666666,708.833333816514,236.833333357798
658,21.9,714.100000579817,237.100000029358
659,21.9333334,719.36666734312,237.366666700917
660,21.9666667,724.633334106422,237.633333372477
661,22,729.900000869725,237.900000044037
662,22.0333333,735.166667633028,238.166666715596
663,22.0666666,740.433334396331,238.433333387156
664,22.1,745.700001159633,238.700000058715
665,22.1333333,750.966667922936,238.966666730275
666,22.1666667,756.233334686239,239.233333401835
667,22.2,761.5,239.5
668,22.2333334,766.653845455513,239.4230769335
669,22.2666666,771.807690911026,239.346153867
670,22.3,776.961536366538,239.269230800499
671,22.3333333,782.115381822051,239.192307733999
672,22.3666667,787.269227277564,239.115384667499
673,22.4,792.423072733077,239.038461600999
674,22.4333333,797.57691818859,238.961538534499
675,22.4666667,802.730763644103,238.884615467999
676,22.5,807.884609099615,238.807692401498
677,22.5333333,813.038454555128,238.730769334998
678,22.5666667,818.192300010641,238.653846268498
679,22.6,823.346145466154,238.576923201998
680,22.6333334,828.5,238.5
681,22.6666666,833.821429429274,238.535714291472
682,22.7,839.142858858547,238.571428582943
683,22.7333333,844.464288287821,238.607142874415
684,22.7666667,849.785717717095,238.642857165887
685,22.8,855.107147146368,238.678571457358
686,22.8333333,860.428576575642,238.71428574883
687,22.8666666,865.750006004916,238.750000040301
688,22.9,871.071435434189,238.785714331773
689,22.9333333,876.392864863463,238.821428623245
690,22.9666667,881.714294292736,238.857142914716
691,23,887.03572372201,238.892857206188
692,23.0333334,892.357153151284,238.92857149766
693,23.0666666,897.678582580557,238.964285789131
694,23.1,903,239
695,23.1333333,908.500001100918,239.045454554553
696,23.1666667,914.000002201835,239.090909109106
697,23.2,919.500003302753,239.136363663659
698,23.2333333,925.000004403671,239.181818218212
699,23.2666666,930.500005504588,239.227272772765
700,23.3,936.000006605506,239.272727327318
701,23.3333333,941.500007706424,239.318181881871
702,23.3666667,947.000008807341,239.363636436424
703,23.4,952.500009908259,239.409090990977
704,23.4333334,958.000011009177,239.45454554553
705,23.4666666,963.5,239.5
706,23.5,969.115383854514,239.46153846675
707,23.5333333,974.730767709028,239.4230769335
708,23.5666666,980.346151563542,239.38461540025
709,23.6,985.961535418056,239.346153867
710,23.6333333,991.57691927257,239.30769233375
711,23.6666667,997.192303127084,239.269230800499
712,23.7,1002.8076869816,239.230769267249
713,23.7333333,1008.42307083611,239.192307733999
714,23.7666667,1014.03845469063,239.153846200749
715,23.8,1019.65383854514,239.115384667499
716,23.8333333,1025.26922239965,239.076923134249
717,23.8666667,1030.88460625417,239.038461600999
718,23.9,1036.5,239
719,23.9333334,1042.55555566667,239.166666669725
720,23.9666666,1048.61111133333,239.33333333945
721,24,1054.666667,239.500000009174
722,24.0333333,1060.72222266667,239.666666678899
723,24.0666667,1066.77777833333,239.833333348624
724,24.1,1072.833334,240.000000018349
725,24.1333333,1078.88888966667,240.166666688073
726,24.1666666,1084.94444533333,240.333333357798
727,24.2,1091,240.5
728,24.2333333,1096.61111121407,240.38888888685
729,24.2666667,1102.22222242813,240.2777777737
730,24.3,1107.8333336422,240.16666666055
731,24.3333334,1113.44444485627,240.055555547401
732,24.3666666,1119.05555607034,239.944444434251
733,24.4,1124.6666672844,239.833333321101
734,24.4333333,1130.27777849847,239.722222207951
735,24.4666667,1135.88888971254,239.611111094801
736,24.5,1141.5,239.5
737,24.5333333,1147.50000071009,239.600000011835
738,24.5666666,1153.50000142018,239.70000002367
739,24.6,1159.50000213028,239.800000035505
740,24.6333334,1165.50000284037,239.900000047339
741,24.6666667,1171.50000355046,240.000000059174
742,24.7,1177.50000426055,240.100000071009
743,24.7333333,1183.50000497064,240.200000082844
744,24.7666666,1189.50000568073,240.300000094679
745,24.8,1195.50000639083,240.400000106514
746,24.8333333,1201.5,240.5
747,24.8666667,1207.57142955018,240.28571425117
748,24.9,1213.64285910036,240.07142850234
749,24.9333333,1219.71428865053,239.857142753511
750,24.9666667,1225.78571820071,239.642857004681
751,25,1231.85714775089,239.428571255851
752,25.0333334,1237.92857730107,239.214285507021
753,25.0666666,1244,239
754,25.1,1249.9999941101,239.333333006117
755,25.1333333,1255.9999882202,239.666666012233
756,25.1666667,1262,240
757,25.2,NaN,NaN
758,25.2333333,NaN,NaN
759,25.2666666,NaN,NaN
760,25.3,NaN,NaN
761,25.3333333,NaN,NaN
762,25.3666667,NaN,NaN
763,25.4,NaN,NaN
764,25.4333334,NaN,NaN
765,25.4666666,NaN,NaN
766,25.5,NaN,NaN
767,25.5333333,NaN,NaN
768,25.5666667,NaN,NaN
769,25.6,NaN,NaN
770,25.6333333,NaN,NaN
771,25.6666666,NaN,NaN
772,25.7,NaN,NaN
773,25.7333333,NaN,NaN
774,25.7666667,NaN,NaN
775,25.8,NaN,NaN
776,25.8333334,NaN,NaN
777,25.8666666,NaN,NaN
778,25.9,NaN,NaN
779,25.9333333,NaN,NaN
780,25.9666667,NaN,NaN
781,26,NaN,NaN
782,26.0333333,NaN,NaN
783,26.0666666,NaN,NaN
784,26.1,NaN,NaN
785,26.1333333,NaN,NaN
786,26.1666667,NaN,NaN
787,26.2,NaN,NaN
788,26.2333334,NaN,NaN
789,26.2666666,NaN,NaN
790,26.3,NaN,NaN
791,26.3333333,NaN,NaN
792,26.3666667,NaN,NaN
793,26.4,NaN,NaN
794,26.4333333,NaN,NaN
795,26.4666666,NaN,NaN
796,26.5,NaN,NaN
797,26.5333333,NaN,NaN
798,26.5666667,NaN,NaN
799,26.6,NaN,NaN
800,26.6333333,NaN,NaN
801,26.6666667,NaN,NaN
802,26.7,NaN,NaN
803,26.7333333,NaN,NaN
804,26.7666667,NaN,NaN
805,26.8,NaN,NaN
806,26.8333334,NaN,NaN
807,26.8666666,NaN,NaN
808,26.9,NaN,NaN
809,26.9333333,NaN,NaN
810,26.9666667,NaN,NaN
811,27,NaN,NaN
812,27.0333333,NaN,NaN
813,27.0666666,NaN,NaN
814,27.1,NaN,NaN
815,27.1333333,NaN,NaN
816,27.1666667,NaN,NaN
817,27.2,NaN,NaN
818,27.2333333,NaN,NaN
819,27.2666667,NaN,NaN
820,27.3,NaN,NaN
821,27.3333333,NaN,NaN
822,27.3666666,NaN,NaN
823,27.4,NaN,NaN
824,27.4333334,NaN,NaN
825,27.4666666,NaN,NaN
826,27.5,NaN,NaN
827,27.5333333,NaN,NaN
828,27.5666667,NaN,NaN
829,27.6,NaN,NaN
830,27.6333333,NaN,NaN
831,27.6666666,NaN,NaN
832,27.7,NaN,NaN
833,27.7333333,NaN,NaN
834,27.7666667,NaN,NaN
835,27.8,NaN,NaN
836,27.8333334,NaN,NaN
837,27.8666666,NaN,NaN
838,27.9,NaN,NaN
839,27.9333333,NaN,NaN
840,27.9666667,NaN,NaN
841,28,NaN,NaN
842,28.0333333,NaN,NaN
843,28.0666666,NaN,NaN
844,28.1,NaN,NaN
845,28.1333333,NaN,NaN
846,28.1666667,NaN,NaN
847,28.2,NaN,NaN
848,28.2333334,NaN,NaN
849,28.2666666,NaN,NaN
850,28.3,NaN,NaN
851,28.3333333,NaN,NaN
852,28.3666667,NaN,NaN
853,28.4,NaN,NaN
854,28.4333333,NaN,NaN
855,28.4666667,NaN,NaN
856,28.5,NaN,NaN
857,28.5333333,NaN,NaN
858,28.5666666,NaN,NaN
859,28.6,NaN,NaN
860,28.6333333,NaN,NaN
861,28.6666667,NaN,NaN
862,28.7,NaN,NaN
863,28.7333334,NaN,NaN
864,28.7666666,NaN,NaN
865,28.8,NaN,NaN
866,28.8333333,NaN,NaN
867,28.8666667,NaN,NaN
868,28.9,NaN,NaN
869,28.9333334,NaN,NaN
870,28.9666666,NaN,NaN
871,29,NaN,NaN
872,29.0333333,NaN,NaN
873,29.0666667,NaN,NaN
874,29.1,NaN,NaN
875,29.1333333,NaN,NaN
876,29.1666666,NaN,NaN
877,29.2,NaN,NaN
878,29.2333333,NaN,NaN
879,29.2666667,NaN,NaN
880,29.3,NaN,NaN
881,29.3333334,NaN,NaN
882,29.3666666,NaN,NaN
883,29.4,NaN,NaN
884,29.4333333,NaN,NaN
885,29.4666667,NaN,NaN
886,29.5,NaN,NaN
887,29.5333333,NaN,NaN
888,29.5666666,NaN,NaN
889,29.6,NaN,NaN
890,29.6333333,NaN,NaN
891,29.6666667,NaN,NaN
892,29.7,NaN,NaN
893,29.7333334,NaN,NaN
894,29.7666666,NaN,NaN
895,29.8,NaN,NaN
896,29.8333333,NaN,NaN
897,29.8666667,NaN,NaN
898,29.9,NaN,NaN
899,29.9333333,NaN,NaN
900,29.9666666,NaN,NaN
901,30,NaN,NaN
902,30.0333334,NaN,NaN
903,30.0666667,NaN,NaN
904,30.1,NaN,NaN
905,30.1333333,NaN,NaN
906,30.1666666,NaN,NaN
907,30.2,NaN,NaN
908,30.2333333,NaN,NaN
909,30.2666667,NaN,NaN
910,30.3,NaN,NaN
911,30.3333334,NaN,NaN
912,30.3666666,NaN,NaN
913,30.4,NaN,NaN
914,30.4333333,NaN,NaN
915,30.4666667,NaN,NaN
916,30.5,NaN,NaN
917,30.5333333,NaN,NaN
918,30.5666666,NaN,NaN
919,30.6,NaN,NaN
920,30.6333333,NaN,NaN
921,30.6666667,NaN,NaN
922,30.7,NaN,NaN
923,30.7333334,NaN,NaN
924,30.7666666,NaN,NaN
925,30.8,NaN,NaN
926,30.8333333,NaN,NaN
927,30.8666667,NaN,NaN
928,30.9,NaN,NaN
929,30.9333333,NaN,NaN
930,30.9666666,NaN,NaN
931,31,NaN,NaN
932,31.0333333,NaN,NaN
933,31.0666667,NaN,NaN
934,31.1,NaN,NaN
935,31.1333333,NaN,NaN
936,31.1666667,NaN,NaN
937,31.2,NaN,NaN
938,31.2333334,NaN,NaN
939,31.2666666,NaN,NaN
940,31.3,NaN,NaN
941,31.3333333,NaN,NaN
942,31.3666667,NaN,NaN
943,31.4,NaN,NaN
944,31.4333333,NaN,NaN
945,31.4666666,NaN,NaN
946,31.5,NaN,NaN
947,31.5333333,NaN,NaN
948,31.5666667,NaN,NaN
949,31.6,NaN,NaN
950,31.6333333,NaN,NaN
951,31.6666667,NaN,NaN
952,31.7,NaN,NaN
953,31.7333333,NaN,NaN
954,31.7666667,NaN,NaN
955,31.8,NaN,NaN
956,31.8333334,NaN,NaN
957,31.8666666,NaN,NaN
958,31.9,NaN,NaN
959,31.9333333,NaN,NaN
960,31.9666667,NaN,NaN
961,32,NaN,NaN
962,32.0333333,NaN,NaN
963,32.0666666,NaN,NaN
964,32.1,NaN,NaN
965,32.1333333,NaN,NaN
966,32.1666667,NaN,NaN
967,32.2,NaN,NaN
968,32.2333334,NaN,NaN
969,32.2666666,NaN,NaN
970,32.3,NaN,NaN
971,32.3333333,NaN,NaN
972,32.3666667,NaN,NaN
973,32.4,NaN,NaN
974,32.4333333,NaN,NaN
975,32.4666666,NaN,NaN
976,32.5,NaN,NaN
977,32.5333333,NaN,NaN
978,32.5666667,NaN,NaN
979,32.6,NaN,NaN
980,32.6333334,NaN,NaN
981,32.6666666,NaN,NaN
982,32.7,NaN,NaN
983,32.7333333,NaN,NaN
984,32.7666667,NaN,NaN
985,32.8,NaN,NaN
986,32.8333333,NaN,NaN
987,32.8666666,NaN,NaN
988,32.9,NaN,NaN
989,32.9333333,NaN,NaN
990,32.9666667,NaN,NaN
991,33,NaN,NaN
992,33.0333333,NaN,NaN
993,33.0666667,NaN,NaN
994,33.1,NaN,NaN
995,33.1333334,NaN,NaN
996,33.1666666,NaN,NaN
997,33.2,NaN,NaN
998,33.2333333,NaN,NaN
999,33.2666666,NaN,NaN
1000,33.3,NaN,NaN
1001,33.3333333,NaN,NaN
1002,33.3666667,NaN,NaN
1003,33.4,NaN,NaN
1004,33.4333333,NaN,NaN
1005,33.4666666,NaN,NaN
1006,33.5,NaN,NaN
1007,33.5333333,NaN,NaN
1008,33.5666667,NaN,NaN
1009,33.6,NaN,NaN
1010,33.6333334,NaN,NaN
1011,33.6666666,NaN,NaN
1012,33.7,NaN,NaN
1013,33.7333333,NaN,NaN
1014,33.7666667,NaN,NaN
1015,33.8,NaN,NaN
1016,33.8333333,NaN,NaN
1017,33.8666666,NaN,NaN
1018,33.9,NaN,NaN
1019,33.9333333,NaN,NaN
1020,33.9666667,NaN,NaN
1021,34,NaN,NaN
1022,34.0333333,NaN,NaN
1023,34.0666667,NaN,NaN
1024,34.1,NaN,NaN
1025,34.1333334,NaN,NaN
1026,34.1666666,NaN,NaN
1027,34.2,NaN,NaN
1028,34.2333333,NaN,NaN
1029,34.2666667,NaN,NaN
1030,34.3,NaN,NaN
1031,34.3333333,NaN,NaN
1032,34.3666666,NaN,NaN
1033,34.4,NaN,NaN
1034,34.4333333,NaN,NaN
1035,34.4666667,NaN,NaN
1036,34.5,NaN,NaN
1037,34.5333334,NaN,NaN
1038,34.5666666,NaN,NaN
1039,34.6,NaN,NaN
1040,34.6333333,NaN,NaN
1041,34.6666667,NaN,NaN
1042,34.7,NaN,NaN
1043,34.7333333,NaN,NaN
1044,34.7666666,NaN,NaN
1045,34.8,NaN,NaN
1046,34.8333333,NaN,NaN
1047,34.8666667,NaN,NaN
1048,34.9,NaN,NaN
1049,34.9333334,NaN,NaN
1050,34.9666666,NaN,NaN
1051,35,NaN,NaN
1052,35.0333333,NaN,NaN
1053,35.0666667,NaN,NaN
1054,35.1,NaN,NaN
1055,35.1333333,NaN,NaN
1056,35.1666667,NaN,NaN
1057,35.2,NaN,NaN
1058,35.2333333,NaN,NaN
1059,35.2666666,NaN,NaN
1060,35.3,NaN,NaN
1061,35.3333333,NaN,NaN
1062,35.3666667,NaN,NaN
1063,35.4,NaN,NaN
1064,35.4333334,NaN,NaN
1065,35.4666666,NaN,NaN
1066,35.5,NaN,NaN
1067,35.5333333,NaN,NaN
1068,35.5666667,NaN,NaN
1069,35.6,NaN,NaN
1070,35.6333333,NaN,NaN
1071,35.6666666,NaN,NaN
1072,35.7,NaN,NaN
1073,35.7333333,NaN,NaN
1074,35.7666667,NaN,NaN
1075,35.8,NaN,NaN
1076,35.8333334,NaN,NaN
1077,35.8666666,NaN,NaN
1078,35.9,NaN,NaN
1079,35.9333333,NaN,NaN
1080,35.9666667,NaN,NaN
1081,36,NaN,NaN
1082,36.0333333,NaN,NaN
1083,36.0666666,NaN,NaN
1084,36.1,NaN,NaN
1085,36.1333333,NaN,NaN
1086,36.1666667,NaN,NaN
1087,36.2,NaN,NaN
1088,36.2333334,NaN,NaN
1089,36.2666666,NaN,NaN
1090,36.3,NaN,NaN
1091,36.3333333,NaN,NaN
1092,36.3666667,1264.5,494
1093,36.4,1261.69999970767,493.899999989559
1094,36.4333333,1258.89999941533,493.799999979119
1095,36.4666666,1256.099999123,493.699999968678
1096,36.5,1253.29999883066,493.599999958238
1097,36.5333333,1250.49999853833,493.499999947797
1098,36.5666667,1247.69999824599,493.399999937357
1099,36.6,1244.89999795366,493.299999926916
1100,36.6333334,1242.09999766132,493.199999916476
1101,36.6666666,1239.29999736899,493.099999906035
1102,36.7,1236.5,493
1103,36.7333333,1233.50000036178,493
1104,36.7666667,1230.50000072357,493
1105,36.8,1227.50000108535,493
1106,36.8333333,1224.50000144714,493
1107,36.8666666,1221.50000180892,493
1108,36.9,1218.5000021707,493
1109,36.9333333,1215.50000253249,493
1110,36.9666667,1212.5,493
1111,37,1209.38235256066,493.058823536591
1112,37.0333334,1206.26470512132,493.117647073183
1113,37.0666666,1203.14705768198,493.176470609774
1114,37.1,1200.02941024264,493.235294146365
1115,37.1333333,1196.9117628033,493.294117682957
1116,37.1666667,1193.79411536396,493.352941219548
1117,37.2,1190.67646792462,493.411764756139
1118,37.2333333,1187.55882048528,493.470588292731
1119,37.2666666,1184.44117304594,493.529411829322
1120,37.3,1181.3235256066,493.588235365913
1121,37.3333333,1178.20587816726,493.647058902505
1122,37.3666667,1175.08823072792,493.705882439096
1123,37.4,1171.97058328858,493.764705975687
1124,37.4333334,1168.85293584925,493.823529512278
1125,37.4666666,1165.73528840991,493.88235304887
1126,37.5,1162.61764097057,493.941176585461
1127,37.5333333,1159.5,494
1128,37.5666667,1156.12500040701,493.875000015074
1129,37.6,1152.75000081401,493.750000030149
1130,37.6333333,1149.37500122102,493.625000045223
1131,37.6666666,1146.00000162803,493.500000060297
1132,37.7,1142.62500203504,493.375000075372
1133,37.7333333,1139.25000244204,493.250000090446
1134,37.7666667,1135.87500284905,493.125000105521
1135,37.8,1132.5,493
1136,37.8333334,1128.99999910958,493
1137,37.8666666,1125.49999821916,493
1138,37.9,1121.99999732874,493
1139,37.9333333,1118.5,493
1140,37.9666667,1114.78571533058,492.85714289733
1141,38,1111.07143066115,492.71428579466
1142,38.0333333,1107.35714599173,492.571428691989
1143,38.0666666,1103.6428613223,492.428571589319
1144,38.1,1099.92857665288,492.285714486649
1145,38.1333333,1096.21429198346,492.142857383979
1146,38.1666667,1092.5,492
1147,38.2,1088.33333331498,492
1148,38.2333334,1084.16666662996,492
1149,38.2666666,1079.99999994493,492
1150,38.3,1075.83333325991,492
1151,38.3333333,1071.66666657489,492
1152,38.3666667,1067.5,492
1153,38.4,1063.74999904598,492
1154,38.4333333,1059.99999809196,492
1155,38.4666666,1056.24999713794,492
1156,38.5,1052.5,492
1157,38.5333333,1049.65384592237,491.923076916821
1158,38.5666667,1046.80769184475,491.846153833642
1159,38.6,1043.96153776712,491.769230750463
1160,38.6333334,1041.11538368949,491.692307667284
1161,38.6666666,1038.26922961187,491.615384584104
1162,38.7,1035.42307553424,491.538461500925
1163,38.7333333,1032.57692145661,491.461538417746
1164,38.7666667,1029.73076737898,491.384615334567
1165,38.8,1026.88461330136,491.307692251388
1166,38.8333333,1024.03845922373,491.230769168209
1167,38.8666666,1021.1923051461,491.15384608503
1168,38.9,1018.34615106848,491.076923001851
1169,38.9333333,1015.5,491
1170,38.9666667,1013.83333332599,491
1171,39,1012.16666665198,491
1172,39.0333334,1010.49999997797,491
1173,39.0666666,1008.83333330396,491
1174,39.1,1007.16666662996,491
1175,39.1333333,1005.5,491
1176,39.1666667,1004.38888925436,491.111111074564
1177,39.2,1003.27777850873,491.222222149127
1178,39.2333333,1002.16666776309,491.333333223691
1179,39.2666666,1001.05555701746,491.444444298254
1180,39.3,999.944446271822,491.555555372818
1181,39.3333333,998.833335526186,491.666666447381
1182,39.3666667,997.722224780551,491.777777521945
1183,39.4,996.611114034915,491.888888596508
1184,39.4333334,995.5,492
1185,39.4666666,994.499999662261,491.888888851362
1186,39.5,993.499999324523,491.777777702725
1187,39.5333333,992.499998986784,491.666666554087
1188,39.5666667,991.499998649045,491.555555405449
1189,39.6,990.499998311307,491.444444256812
1190,39.6333333,989.499997973568,491.333333108174
1191,39.6666666,988.499997635829,491.222221959537
1192,39.7,987.49999729809,491.111110810899
1193,39.7333333,986.5,491
1194,39.7666667,986.166666998531,491
1195,39.8,985.833333997062,491
1196,39.8333334,985.5,491
1197,39.8666666,984.999999872797,491
1198,39.9,984.499999745595,491
1199,39.9333333,983.999999618392,491
1200,39.9666667,983.499999491189,491
1201,40,982.999999363986,491
1202,40.0333333,982.499999236784,491
1203,40.0666666,981.999999109581,491
1204,40.1,981.5,491
1205,40.1333333,980.875000075372,491.124999984926
1206,40.1666667,980.250000150743,491.249999969851
1207,40.2,979.625000226115,491.374999954777
1208,40.2333333,979.000000301487,491.499999939703
1209,40.2666667,978.375000376858,491.624999924628
1210,40.3,977.75000045223,491.749999909554
1211,40.3333333,977.125000527602,491.874999894479
1212,40.3666667,976.5,492
1213,40.4,974.5,492
1214,40.4333334,973.078947287369,491.947368418051
1215,40.4666666,971.657894574737,491.894736836101
1216,40.5,970.236841862106,491.842105254152
1217,40.5333333,968.815789149475,491.789473672203
1218,40.5666667,967.394736436843,491.736842090254
1219,40.6,965.973683724212,491.684210508304
1220,40.6333333,964.552631011581,491.631578926355
1221,40.6666666,963.13157829895,491.578947344406
1222,40.7,961.710525586318,491.526315762456
1223,40.7333333,960.289472873687,491.473684180507
1224,40.7666667,958.868420161056,491.421052598558
1225,40.8,957.447367448424,491.368421016608
1226,40.8333334,956.026314735793,491.315789434659
1227,40.8666666,954.605262023162,491.26315785271
1228,40.9,953.18420931053,491.210526270761
1229,40.9333333,951.763156597899,491.157894688811
1230,40.9666667,950.342103885268,491.105263106862
1231,41,948.921051172636,491.052631524913
1232,41.0333333,947.5,491
1233,41.0666666,945.233333323348,490.93333333304
1234,41.1,942.966666646696,490.866666666079
1235,41.1333333,940.699999970044,490.799999999119
1236,41.1666667,938.433333293392,490.733333332159
1237,41.2,936.16666661674,490.666666665198
1238,41.2333334,933.899999940088,490.599999998238
1239,41.2666666,931.633333263436,490.533333331277
1240,41.3,929.366666586784,490.466666664317
1241,41.3333333,927.099999910132,490.399999997357
1242,41.3666667,924.83333323348,490.333333330396
1243,41.4,922.566666556828,490.266666663436
1244,41.4333333,920.299999880176,490.199999996476
1245,41.4666666,918.033333203524,490.133333329515
1246,41.5,915.766666526872,490.066666662555
1247,41.5333333,913.5,490
1248,41.5666667,910.500000448322,489.923076934572
1249,41.6,907.500000896645,489.846153869145
1250,41.6333333,904.500001344967,489.769230803717
1251,41.6666666,901.50000179329,489.692307738289
1252,41.7,898.500002241612,489.615384672862
1253,41.7333333,895.500002689935,489.538461607434
1254,41.7666667,892.500003138257,489.461538542006
1255,41.8,889.50000358658,489.384615476579
1256,41.8333334,886.500004034902,489.307692411151
1257,41.8666666,883.500004483225,489.230769345724
1258,41.9,880.500004931547,489.153846280296
1259,41.9333333,877.500005379869,489.076923214868
1260,41.9666667,874.5,489
1261,42,870.56249973656,488.874999991637
1262,42.0333333,866.624999473121,488.749999983274
1263,42.0666666,862.687499209681,488.624999974911
1264,42.1,858.749998946242,488.499999966547
1265,42.1333333,854.812498682802,488.374999958184
1266,42.1666667,850.874998419363,488.249999949821
1267,42.2,846.937498155923,488.124999941458
1268,42.2333334,842.999997892483,487.999999933095
1269,42.2666666,839.062497629044,487.874999924732
1270,42.3,835.124997365604,487.749999916369
1271,42.3333333,831.187497102165,487.624999908005
1272,42.3666667,827.249996838725,487.499999899642
1273,42.4,823.312496575286,487.374999891279
1274,42.4333333,819.374996311846,487.249999882916
1275,42.4666666,815.437496048406,487.124999874553
1276,42.5,811.5,487
1277,42.5333333,807.277777759178,486.888888888399
1278,42.5666667,803.055555518355,486.777777776799
1279,42.6,798.833333277533,486.666666665198
1280,42.6333334,794.611111036711,486.555555553598
1281,42.6666666,790.388888795888,486.444444441997
1282,42.7,786.166666555066,486.333333330397
1283,42.7333333,781.944444314243,486.222222218796
1284,42.7666667,777.722222073421,486.111111107195
1285,42.8,773.5,486
1286,42.8333333,768.961538092433,485.846153833642
1287,42.8666666,764.423076184866,485.692307667284
1288,42.9,759.884614277298,485.538461500925
1289,42.9333333,755.346152369731,485.384615334567
1290,42.9666667,750.807690462164,485.230769168209
1291,43,746.269228554597,485.076923001851
1292,43.0333334,741.730766647029,484.923076835492
1293,43.0666666,737.192304739462,484.769230669134
1294,43.1,732.653842831895,484.615384502776
1295,43.1333333,728.115380924328,484.461538336418
1296,43.1666667,723.57691901676,484.30769217006
1297,43.2,719.038457109193,484.153846003701
1298,43.2333333,714.5,484
1299,43.2666666,711.722222209985,483.888888888399
1300,43.3,708.944444419971,483.777777776799
1301,43.3333333,706.166666629956,483.666666665198
1302,43.3666667,703.388888839942,483.555555553598
1303,43.4,700.611111049927,483.444444441997
1304,43.4333333,697.833333259912,483.333333330397
1305,43.4666667,695.055555469898,483.222222218796
1306,43.5,692.277777679883,483.111111107195
1307,43.5333333,689.5,483
1308,43.5666666,687.833333325991,483
1309,43.6,686.166666651982,483
1310,43.6333333,684.5,483
1311,43.6666667,681.611112061347,482.944444462718
1312,43.7,678.722224122695,482.888888925436
1313,43.7333334,675.833336184042,482.833333388155
1314,43.7666666,672.94444824539,482.777777850873
1315,43.8,670.055560306737,482.722222313591
1316,43.8333333,667.166672368084,482.666666776309
1317,43.8666667,664.277784429432,482.611111239028
1318,43.9,661.388896490779,482.555555701746
1319,43.9333334,658.5,482.5
1320,43.9666666,NaN,NaN
1321,44,NaN,NaN
1322,44.0333333,NaN,NaN
1323,44.0666667,NaN,NaN
1324,44.1,NaN,NaN
1325,44.1333333,NaN,NaN
1326,44.1666666,NaN,NaN
1327,44.2,NaN,NaN
1328,44.2333333,NaN,NaN
1329,44.2666667,NaN,NaN
1330,44.3,NaN,NaN
1331,44.3333334,NaN,NaN
1332,44.3666666,NaN,NaN
1333,44.4,NaN,NaN
1334,44.4333333,NaN,NaN
1335,44.4666667,NaN,NaN
1336,44.5,NaN,NaN
1337,44.5333333,NaN,NaN
1338,44.5666666,NaN,NaN
1339,44.6,NaN,NaN
1340,44.6333333,NaN,NaN
1341,44.6666667,NaN,NaN
1342,44.7,NaN,NaN
1343,44.7333334,NaN,NaN
1344,44.7666666,NaN,NaN
1345,44.8,NaN,NaN
1346,44.8333333,NaN,NaN
1347,44.8666667,NaN,NaN
1348,44.9,NaN,NaN
1349,44.9333333,NaN,NaN
1350,44.9666666,NaN,NaN
1351,45,NaN,NaN
1352,45.0333333,NaN,NaN
1353,45.0666667,NaN,NaN
1354,45.1,NaN,NaN
1355,45.1333334,NaN,NaN
1356,45.1666666,NaN,NaN
1357,45.2,NaN,NaN
1358,45.2333333,NaN,NaN
1359,45.2666667,NaN,NaN
1360,45.3,NaN,NaN
1361,45.3333333,NaN,NaN
1362,45.3666666,NaN,NaN
1363,45.4,NaN,NaN
1364,45.4333334,NaN,NaN
1365,45.4666667,NaN,NaN
1366,45.5,NaN,NaN
1367,45.5333333,NaN,NaN
1368,45.5666666,NaN,NaN
1369,45.6,NaN,NaN
1370,45.6333333,NaN,NaN
1371,45.6666667,NaN,NaN
1372,45.7,NaN,NaN
1373,45.7333334,NaN,NaN
1374,45.7666666,NaN,NaN
1375,45.8,NaN,NaN
1376,45.8333333,NaN,NaN
1377,45.8666667,NaN,NaN
1378,45.9,NaN,NaN
1379,45.9333333,NaN,NaN
1380,45.9666666,NaN,NaN
1381,46,NaN,NaN
1382,46.0333333,NaN,NaN
1383,46.0666667,NaN,NaN
1384,46.1,NaN,NaN
1385,46.1333334,NaN,NaN
1386,46.1666666,NaN,NaN
1387,46.2,NaN,NaN
1388,46.2333333,NaN,NaN
1389,46.2666667,NaN,NaN
1390,46.3,NaN,NaN
1391,46.3333333,NaN,NaN
1392,46.3666666,NaN,NaN
1393,46.4,NaN,NaN
1394,46.4333333,NaN,NaN
1395,46.4666667,NaN,NaN
1396,46.5,NaN,NaN
1397,46.5333334,NaN,NaN
1398,46.5666666,NaN,NaN
1399,46.6,NaN,NaN
1400,46.6333333,NaN,NaN
1401,46.6666667,NaN,NaN
1402,46.7,NaN,NaN
1403,46.7333333,NaN,NaN
1404,46.7666666,NaN,NaN
1405,46.8,NaN,NaN
1406,46.8333333,NaN,NaN
1407,46.8666667,NaN,NaN
1408,46.9,NaN,NaN
1409,46.9333334,NaN,NaN
1410,46.9666666,NaN,NaN
1411,47,NaN,NaN
1412,47.0333333,NaN,NaN
1413,47.0666667,NaN,NaN
1414,47.1,NaN,NaN
1415,47.1333333,NaN,NaN
1416,47.1666666,NaN,NaN
1417,47.2,NaN,NaN
1418,47.2333333,NaN,NaN
1419,47.2666667,NaN,NaN
1420,47.3,NaN,NaN
1421,47.3333334,NaN,NaN
1422,47.3666666,NaN,NaN
1423,47.4,NaN,NaN
1424,47.4333333,NaN,NaN
1425,47.4666667,NaN,NaN
1426,47.5,NaN,NaN
1427,47.5333333,NaN,NaN
1428,47.5666666,NaN,NaN
1429,47.6,NaN,NaN
1430,47.6333334,NaN,NaN
1431,47.6666667,NaN,NaN
1432,47.7,NaN,NaN
1433,47.7333333,NaN,NaN
1434,47.7666666,NaN,NaN
1435,47.8,NaN,NaN
1436,47.8333333,NaN,NaN
1437,47.8666667,NaN,NaN
1438,47.9,NaN,NaN
1439,47.9333334,NaN,NaN
1440,47.9666666,NaN,NaN
1441,48,NaN,NaN
1442,48.0333333,NaN,NaN
1443,48.0666667,NaN,NaN
1444,48.1,NaN,NaN
1445,48.1333333,NaN,NaN
1446,48.1666666,NaN,NaN
1447,48.2,NaN,NaN
1448,48.2333333,NaN,NaN
1449,48.2666667,NaN,NaN
1450,48.3,NaN,NaN
1451,48.3333334,NaN,NaN
1452,48.3666666,NaN,NaN
1453,48.4,NaN,NaN
1454,48.4333333,NaN,NaN
1455,48.4666667,NaN,NaN
1456,48.5,NaN,NaN
1457,48.5333333,NaN,NaN
1458,48.5666666,NaN,NaN
1459,48.6,NaN,NaN
1460,48.6333333,NaN,NaN
1461,48.6666667,NaN,NaN
1462,48.7,NaN,NaN
1463,48.7333333,NaN,NaN
1464,48.7666667,NaN,NaN
1465,48.8,NaN,NaN
1466,48.8333333,NaN,NaN
1467,48.8666667,NaN,NaN
1468,48.9,NaN,NaN
1469,48.9333333,NaN,NaN
1470,48.9666667,NaN,NaN
1471,49,NaN,NaN
1472,49.0333333,NaN,NaN
1473,49.0666666,NaN,NaN
1474,49.1,NaN,NaN
1475,49.1333333,NaN,NaN
1476,49.1666667,NaN,NaN
1477,49.2,NaN,NaN
1478,49.2333334,NaN,NaN
1479,49.2666666,NaN,NaN
1480,49.3,NaN,NaN
1481,49.3333333,NaN,NaN
1482,49.3666667,NaN,NaN
1483,49.4,NaN,NaN
1484,49.4333333,NaN,NaN
1485,49.4666666,NaN,NaN
1486,49.5,NaN,NaN
1487,49.5333333,NaN,NaN
1488,49.5666667,NaN,NaN
1489,49.6,NaN,NaN
1490,49.6333334,NaN,NaN
1491,49.6666666,NaN,NaN
1492,49.7,NaN,NaN
1493,49.7333333,NaN,NaN
1494,49.7666667,NaN,NaN
1495,49.8,NaN,NaN
1496,49.8333333,NaN,NaN
1497,49.8666666,NaN,NaN
1498,49.9,NaN,NaN
1499,49.9333333,NaN,NaN
1500,49.9666667,NaN,NaN
1501,50,NaN,NaN
1502,50.0333333,NaN,NaN
1503,50.0666667,NaN,NaN
1504,50.1,NaN,NaN
1505,50.1333333,NaN,NaN
1506,50.1666667,NaN,NaN
1507,50.2,NaN,NaN
1508,50.2333334,NaN,NaN
1509,50.2666666,NaN,NaN
1510,50.3,NaN,NaN
1511,50.3333333,NaN,NaN
1512,50.3666667,NaN,NaN
1513,50.4,NaN,NaN
1514,50.4333333,NaN,NaN
1515,50.4666666,NaN,NaN
1516,50.5,NaN,NaN
1517,50.5333333,NaN,NaN
1518,50.5666667,NaN,NaN
1519,50.6,NaN,NaN
1520,50.6333334,NaN,NaN
1521,50.6666666,NaN,NaN
1522,50.7,NaN,NaN
1523,50.7333333,NaN,NaN
1524,50.7666667,NaN,NaN
1525,50.8,NaN,NaN
1526,50.8333333,NaN,NaN
1527,50.8666666,NaN,NaN
1528,50.9,NaN,NaN
1529,50.9333333,NaN,NaN
1530,50.9666667,NaN,NaN
1531,51,NaN,NaN
1532,51.0333334,NaN,NaN
1533,51.0666666,NaN,NaN
1534,51.1,NaN,NaN
1535,51.1333333,NaN,NaN
1536,51.1666667,NaN,NaN
1537,51.2,NaN,NaN
1538,51.2333333,NaN,NaN
1539,51.2666666,NaN,NaN
1540,51.3,NaN,NaN
1541,51.3333333,NaN,NaN
1542,51.3666667,NaN,NaN
1543,51.4,NaN,NaN
1544,51.4333334,NaN,NaN
1545,51.4666666,NaN,NaN
1546,51.5,NaN,NaN
1547,51.5333333,NaN,NaN
1548,51.5666667,NaN,NaN
1549,51.6,NaN,NaN
1550,51.6333333,NaN,NaN
1551,51.6666666,NaN,NaN
1552,51.7,NaN,NaN
1553,51.7333333,NaN,NaN
1554,51.7666667,NaN,NaN
1555,51.8,NaN,NaN
1556,51.8333334,NaN,NaN
1557,51.8666666,NaN,NaN
1558,51.9,NaN,NaN
1559,51.9333333,NaN,NaN
1560,51.9666667,NaN,NaN
1561,52,NaN,NaN
1562,52.0333333,NaN,NaN
1563,52.0666666,NaN,NaN
1564,52.1,NaN,NaN
1565,52.1333334,NaN,NaN
1566,52.1666667,NaN,NaN
1567,52.2,NaN,NaN
1568,52.2333333,NaN,NaN
1569,52.2666666,NaN,NaN
1570,52.3,NaN,NaN
1571,52.3333333,NaN,NaN
1572,52.3666667,NaN,NaN
1573,52.4,NaN,NaN
1574,52.4333334,NaN,NaN
1575,52.4666666,NaN,NaN
1576,52.5,NaN,NaN
1577,52.5333333,NaN,NaN
1578,52.5666667,NaN,NaN
1579,52.6,NaN,NaN
1580,52.6333333,NaN,NaN
1581,52.6666666,NaN,NaN
1582,52.7,NaN,NaN
1583,52.7333333,NaN,NaN
1584,52.7666667,NaN,NaN
1585,52.8,NaN,NaN
1586,52.8333334,NaN,NaN
1587,52.8666666,NaN,NaN
1588,52.9,NaN,NaN
1589,52.9333333,NaN,NaN
1590,52.9666667,NaN,NaN
1591,53,NaN,NaN
1592,53.0333333,NaN,NaN
1593,53.0666666,NaN,NaN
1594,53.1,NaN,NaN
1595,53.1333333,NaN,NaN
1596,53.1666667,NaN,NaN
1597,53.2,NaN,NaN
1598,53.2333333,NaN,NaN
1599,53.2666667,NaN,NaN
1600,53.3,NaN,NaN
1601,53.3333334,NaN,NaN
1602,53.3666666,NaN,NaN
1603,53.4,NaN,NaN
1604,53.4333333,NaN,NaN
1605,53.4666667,NaN,NaN
1606,53.5,NaN,NaN
1607,53.5333333,NaN,NaN
1608,53.5666666,NaN,NaN
1609,53.6,658,191.5
1610,53.6333333,660.36363614876,191.590909082645
1611,53.6666667,662.727272297521,191.681818165289
1612,53.7,665.090908446281,191.772727247934
1613,53.7333333,667.454544595042,191.863636330579
1614,53.7666667,669.818180743802,191.954545413223
1615,53.8,672.181816892562,192.045454495868
1616,53.8333334,674.545453041323,192.136363578512
1617,53.8666666,676.909089190083,192.227272661157
1618,53.9,679.272725338844,192.318181743802
1619,53.9333333,681.636361487604,192.409090826446
1620,53.9666667,684,192.5
1621,54,687.000000428571,192.642857163265
1622,54.0333333,690.000000857143,192.785714326531
1623,54.0666666,693.000001285714,192.928571489796
1624,54.1,696.000001714286,193.071428653061
1625,54.1333333,699.000002142857,193.214285816327
1626,54.1666667,702.000002571428,193.357142979592
1627,54.2,705,193.5
1628,54.2333334,708.4,193.633333333333
1629,54.2666666,711.8,193.766666666667
1630,54.3,715.2,193.9
1631,54.3333333,718.6,194.033333333333
1632,54.3666667,722,194.166666666667
1633,54.4,725.4,194.3
1634,54.4333333,728.8,194.433333333333
1635,54.4666666,732.2,194.566666666667
1636,54.5,735.6,194.7
1637,54.5333334,739,194.833333333333
1638,54.5666666,742.4,194.966666666667
1639,54.6,745.8,195.1
1640,54.6333333,749.2,195.233333333333
1641,54.6666667,752.6,195.366666666667
1642,54.7,756,195.5
1643,54.7333334,759.5,195.666666666667
1644,54.7666666,763,195.833333333333
1645,54.8,766.5,196
1646,54.8333333,770,196.166666666667
1647,54.8666667,773.5,196.333333333333
1648,54.9,777,196.5
1649,54.9333333,780.5,196.666666666667
1650,54.9666666,784,196.833333333333
1651,55,787.5,197
1652,55.0333333,791,197.166666666667
1653,55.0666667,794.5,197.333333333333
1654,55.1,797.999999999999,197.5
1655,55.1333334,801.499999999999,197.666666666666
1656,55.1666666,804.999999999999,197.833333333333
1657,55.2,808.5,198
1658,55.2333333,811.633333333333,198.2
1659,55.2666667,814.766666666667,198.4
1660,55.3,817.9,198.6
1661,55.3333333,821.033333333334,198.8
1662,55.3666666,824.166666666667,199
1663,55.4,827.3,199.2
1664,55.4333333,830.433333333334,199.4
1665,55.4666667,833.566666666667,199.6
1666,55.5,836.7,199.8
1667,55.5333333,839.833333333334,200
1668,55.5666667,842.966666666667,200.2
1669,55.6,846.100000000001,200.4
1670,55.6333334,849.233333333334,200.6
1671,55.6666666,852.366666666667,200.8
1672,55.7,855.5,201
1673,55.7333333,857.617647307959,201.14705884083
1674,55.7666667,859.735294615917,201.294117681661
1675,55.8,861.852941923876,201.441176522491
1676,55.8333333,863.970589231834,201.588235363322
1677,55.8666666,866.088236539793,201.735294204152
1678,55.9,868.205883847751,201.882353044983
1679,55.9333333,870.32353115571,202.029411885813
1680,55.9666667,872.441178463669,202.176470726644
1681,56,874.558825771627,202.323529567474
1682,56.0333334,876.676473079586,202.470588408304
1683,56.0666666,878.794120387544,202.617647249135
1684,56.1,880.911767695503,202.764706089965
1685,56.1333333,883.029415003461,202.911764930796
1686,56.1666667,885.14706231142,203.058823771626
1687,56.2,887.264709619379,203.205882612457
1688,56.2333334,889.382356927337,203.352941453287
1689,56.2666666,891.5,203.5
1690,56.3,893.09999968,203.5
1691,56.3333333,894.69999936,203.5
1692,56.3666667,896.29999904,203.5
1693,56.4,897.89999872,203.5
1694,56.4333333,899.5,203.5
1695,56.4666667,900.40000009,203.80000003
1696,56.5,901.30000018,204.10000006
1697,56.5333333,902.20000027,204.40000009
1698,56.5666666,903.10000036,204.70000012
1699,56.6,904.00000045,205.00000015
1700,56.6333333,904.90000054,205.30000018
1701,56.6666667,905.80000063,205.60000021
1702,56.7,906.70000072,205.90000024
1703,56.7333334,907.60000081,206.20000027
1704,56.7666666,908.5,206.5
1705,56.8,909.85937495752,206.578124997559
1706,56.8333333,911.218749915039,206.656249995117
1707,56.8666667,912.578124872559,206.734374992676
1708,56.9,913.937499830078,206.812499990234
1709,56.9333333,915.296874787598,206.890624987793
1710,56.9666666,916.656249745117,206.968749985352
1711,57,918.015624702637,207.04687498291
1712,57.0333333,919.374999660156,207.124999980469
1713,57.0666667,920.734374617676,207.203124978027
1714,57.1,922.093749575195,207.281249975586
1715,57.1333334,923.453124532715,207.359374973145
1716,57.1666666,924.812499490234,207.437499970703
1717,57.2,926.171874447754,207.515624968262
1718,57.2333333,927.531249405274,207.59374996582
1719,57.2666667,928.890624362793,207.671874963379
1720,57.3,930.249999320313,207.749999960938
1721,57.3333333,931.609374277832,207.828124958496
1722,57.3666666,932.968749235352,207.906249956055
1723,57.4,934.328124192871,207.984374953613
1724,57.4333333,935.687499150391,208.062499951172
1725,57.4666667,937.04687410791,208.140624948731
1726,57.5,938.40624906543,208.218749946289
1727,57.5333334,939.765624022949,208.296874943848
1728,57.5666666,941.124998980469,208.374999941406
1729,57.6,942.484373937988,208.453124938965
1730,57.6333333,943.843748895508,208.531249936524
1731,57.6666667,945.203123853027,208.609374934082
1732,57.7,946.562498810547,208.687499931641
1733,57.7333333,947.921873768067,208.765624929199
1734,57.7666666,949.281248725586,208.843749926758
1735,57.8,950.640623683106,208.921874924317
1736,57.8333333,952,209
1737,57.8666667,954.294117512111,209.176470577855
1738,57.9,956.588235024221,209.352941155709
1739,57.9333334,958.882352536332,209.529411733564
1740,57.9666666,961.176470048443,209.705882311419
1741,58,963.470587560553,209.882352889273
1742,58.0333333,965.764705072664,210.058823467128
1743,58.0666667,968.058822584775,210.235294044983
1744,58.1,970.352940096886,210.411764622837
1745,58.1333333,972.647057608996,210.588235200692
1746,58.1666666,974.941175121107,210.764705778547
1747,58.2,977.235292633218,210.941176356401
1748,58.2333333,979.529410145328,211.117646934256
1749,58.2666667,981.823527657439,211.294117512111
1750,58.3,984.11764516955,211.470588089965
1751,58.3333333,986.41176268166,211.64705866782
1752,58.3666667,988.705880193771,211.823529245675
1753,58.4,991,212
1754,58.4333333,993.894736537396,212.105263146814
1755,58.4666666,996.789473074792,212.210526293629
1756,58.5,999.684209612189,212.315789440443
1757,58.5333333,1002.57894614958,212.421052587258
1758,58.5666667,1005.47368268698,212.526315734072
1759,58.6,1008.36841922438,212.631578880886
1760,58.6333334,1011.26315576177,212.736842027701
1761,58.6666666,1014.15789229917,212.842105174515
1762,58.7,1017.05262883657,212.94736832133
1763,58.7333333,1019.94736537396,213.052631468144
1764,58.7666667,1022.84210191136,213.157894614958
1765,58.8,1025.73683844875,213.263157761773
1766,58.8333333,1028.63157498615,213.368420908587
1767,58.8666666,1031.52631152355,213.473684055402
1768,58.9,1034.42104806094,213.578947202216
1769,58.9333333,1037.31578459834,213.68421034903
1770,58.9666667,1040.21052113573,213.789473495845
1771,59,1043.10525767313,213.894736642659
1772,59.0333334,1046,214
1773,59.0666666,1049.56666738,214
1774,59.1,1053.13333476,214
1775,59.1333333,1056.70000214,214
1776,59.1666667,1060.26666952,214
1777,59.2,1063.8333369,214
1778,59.2333333,1067.40000428,214
1779,59.2666666,1070.96667166,214
1780,59.3,1074.53333904,214
1781,59.3333333,1078.10000642,214
1782,59.3666667,1081.6666738,214
1783,59.4,1085.23334118,214
1784,59.4333333,1088.80000856,214
1785,59.4666667,1092.36667594,214
1786,59.5,1095.93334332,214
1787,59.5333333,1099.5,214
1788,59.5666667,1103.29166571875,214.166666625
1789,59.6,1107.0833314375,214.33333325
1790,59.6333334,1110.87499715625,214.499999875
1791,59.6666666,1114.666662875,214.6666665
1792,59.7,1118.45832859375,214.833333125
1793,59.7333333,1122.2499943125,214.99999975
1794,59.7666667,1126.04166003125,215.166666375
1795,59.8,1129.83332575,215.333333
1796,59.8333333,1133.62499146875,215.499999625
1797,59.8666666,1137.4166571875,215.66666625
1798,59.9,1141.20832290625,215.833332875
1799,59.9333334,1145,216
1800,59.9666667,1148.91666666667,215.958333333333
1801,60,1152.83333333333,215.916666666667
1802,60.0333333,1156.75,215.875
1803,60.0666666,1160.66666666667,215.833333333333
1804,60.1,1164.58333333333,215.791666666667
1805,60.1333333,1168.5,215.75
1806,60.1666667,1172.41666666667,215.708333333333
1807,60.2,1176.33333333333,215.666666666667
1808,60.2333333,1180.25,215.625
1809,60.2666667,1184.16666666667,215.583333333333
1810,60.3,1188.08333333333,215.541666666667
1811,60.3333334,1192,215.5
1812,60.3666666,1195.95454617355,215.545454553719
1813,60.4,1199.90909234711,215.590909107438
1814,60.4333333,1203.86363852066,215.636363661157
1815,60.4666667,1207.81818469422,215.681818214876
1816,60.5,1211.77273086777,215.727272768595
1817,60.5333333,1215.72727704132,215.772727322314
1818,60.5666666,1219.68182321488,215.818181876033
1819,60.6,1223.63636938843,215.863636429752
1820,60.6333333,1227.59091556198,215.909090983471
1821,60.6666667,1231.54546173554,215.95454553719
1822,60.7,1235.5,216
1823,60.7333334,1239.5,216
1824,60.7666666,1243.5,216
1825,60.8,1247.5,216
1826,60.8333333,1251.5,216
1827,60.8666667,1255.5,216
1828,60.9,1259.5,216
1829,60.9333334,NaN,NaN
1830,60.9666666,NaN,NaN
1831,61,NaN,NaN
1832,61.0333333,NaN,NaN
1833,61.0666667,NaN,NaN
1834,61.1,NaN,NaN
1835,61.1333333,NaN,NaN
1836,61.1666667,NaN,NaN
1837,61.2,NaN,NaN
1838,61.2333333,NaN,NaN
1839,61.2666667,NaN,NaN
1840,61.3,NaN,NaN
1841,61.3333334,NaN,NaN
1842,61.3666666,NaN,NaN
1843,61.4,NaN,NaN
1844,61.4333333,NaN,NaN
1845,61.4666667,NaN,NaN
1846,61.5,NaN,NaN
1847,61.5333333,NaN,NaN
1848,61.5666666,NaN,NaN
1849,61.6,NaN,NaN
1850,61.6333333,NaN,NaN
1851,61.6666667,NaN,NaN
1852,61.7,NaN,NaN
1853,61.7333334,NaN,NaN
1854,61.7666666,NaN,NaN
1855,61.8,NaN,NaN
1856,61.8333333,NaN,NaN
1857,61.8666667,NaN,NaN
1858,61.9,NaN,NaN
1859,61.9333333,NaN,NaN
1860,61.9666666,NaN,NaN
1861,62,NaN,NaN
1862,62.0333333,NaN,NaN
1863,62.0666667,NaN,NaN
1864,62.1,NaN,NaN
1865,62.1333334,NaN,NaN
1866,62.1666666,NaN,NaN
1867,62.2,NaN,NaN
1868,62.2333333,NaN,NaN
1869,62.2666667,NaN,NaN
1870,62.3,NaN,NaN
1871,62.3333333,NaN,NaN
1872,62.3666666,NaN,NaN
1873,62.4,NaN,NaN
1874,62.4333333,NaN,NaN
1875,62.4666667,NaN,NaN
1876,62.5,NaN,NaN
1877,62.5333334,NaN,NaN
1878,62.5666666,NaN,NaN
1879,62.6,NaN,NaN
1880,62.6333333,NaN,NaN
1881,62.6666667,NaN,NaN
1882,62.7,NaN,NaN
1883,62.7333333,NaN,NaN
1884,62.7666666,NaN,NaN
1885,62.8,NaN,NaN
1886,62.8333333,NaN,NaN
1887,62.8666667,NaN,NaN
1888,62.9,NaN,NaN
1889,62.9333334,NaN,NaN
1890,62.9666666,NaN,NaN
1891,63,NaN,NaN
1892,63.0333333,NaN,NaN
1893,63.0666667,NaN,NaN
1894,63.1,NaN,NaN
1895,63.1333333,NaN,NaN
1896,63.1666666,NaN,NaN
1897,63.2,NaN,NaN
1898,63.2333333,NaN,NaN
1899,63.2666667,NaN,NaN
1900,63.3,NaN,NaN
1901,63.3333334,NaN,NaN
1902,63.3666666,NaN,NaN
1903,63.4,NaN,NaN
1904,63.4333333,NaN,NaN
1905,63.4666667,NaN,NaN
1906,63.5,NaN,NaN
1907,63.5333333,NaN,NaN
1908,63.5666666,NaN,NaN
1909,63.6,NaN,NaN
1910,63.6333333,NaN,NaN
1911,63.6666667,NaN,NaN
1912,63.7,NaN,NaN
1913,63.7333334,NaN,NaN
1914,63.7666666,NaN,NaN
1915,63.8,NaN,NaN
1916,63.8333333,NaN,NaN
1917,63.8666667,NaN,NaN
1918,63.9,NaN,NaN
1919,63.9333333,NaN,NaN
1920,63.9666667,NaN,NaN
1921,64,NaN,NaN
1922,64.0333334,NaN,NaN
1923,64.0666666,NaN,NaN
1924,64.1,NaN,NaN
1925,64.1333333,NaN,NaN
1926,64.1666667,NaN,NaN
1927,64.2,NaN,NaN
1928,64.2333334,NaN,NaN
1929,64.2666666,NaN,NaN
1930,64.3,NaN,NaN
1931,64.3333333,NaN,NaN
1932,64.3666667,NaN,NaN
1933,64.4,NaN,NaN
1934,64.4333333,NaN,NaN
1935,64.4666666,NaN,NaN
1936,64.5,NaN,NaN
1937,64.5333333,NaN,NaN
1938,64.5666667,NaN,NaN
1939,64.6,NaN,NaN
1940,64.6333334,NaN,NaN
1941,64.6666666,NaN,NaN
1942,64.7,NaN,NaN
1943,64.7333333,NaN,NaN
1944,64.7666667,NaN,NaN
1945,64.8,NaN,NaN
1946,64.8333333,NaN,NaN
1947,64.8666667,NaN,NaN
1948,64.9,NaN,NaN
1949,64.9333333,NaN,NaN
1950,64.9666666,NaN,NaN
1951,65,NaN,NaN
1952,65.0333333,NaN,NaN
1953,65.0666667,NaN,NaN
1954,65.1,NaN,NaN
1955,65.1333334,NaN,NaN
1956,65.1666666,NaN,NaN
1957,65.2,NaN,NaN
1958,65.2333333,NaN,NaN
1959,65.2666667,NaN,NaN
1960,65.3,NaN,NaN
1961,65.3333333,NaN,NaN
1962,65.3666666,NaN,NaN
1963,65.4,NaN,NaN
1964,65.4333333,NaN,NaN
1965,65.4666667,NaN,NaN
1966,65.5,NaN,NaN
1967,65.5333334,NaN,NaN
1968,65.5666666,NaN,NaN
1969,65.6,NaN,NaN
1970,65.6333333,NaN,NaN
1971,65.6666667,NaN,NaN
1972,65.7,NaN,NaN
1973,65.7333333,NaN,NaN
1974,65.7666666,NaN,NaN
1975,65.8,NaN,NaN
1976,65.8333333,NaN,NaN
1977,65.8666667,NaN,NaN
1978,65.9,NaN,NaN
1979,65.9333334,NaN,NaN
1980,65.9666666,NaN,NaN
1981,66,NaN,NaN
1982,66.0333333,NaN,NaN
1983,66.0666667,NaN,NaN
1984,66.1,NaN,NaN
1985,66.1333333,NaN,NaN
1986,66.1666666,NaN,NaN
1987,66.2,NaN,NaN
1988,66.2333333,NaN,NaN
1989,66.2666667,NaN,NaN
1990,66.3,NaN,NaN
1991,66.3333334,NaN,NaN
1992,66.3666666,NaN,NaN
1993,66.4,NaN,NaN
1994,66.4333333,NaN,NaN
1995,66.4666667,NaN,NaN
1996,66.5,NaN,NaN
1997,66.5333333,NaN,NaN
1998,66.5666666,NaN,NaN
1999,66.6,NaN,NaN
2000,66.6333334,NaN,NaN
2001,66.6666666,NaN,NaN
2002,66.7,NaN,NaN
2003,66.7333333,NaN,NaN
2004,66.7666667,NaN,NaN
2005,66.8,NaN,NaN
2006,66.8333334,NaN,NaN
2007,66.8666666,NaN,NaN
2008,66.9,NaN,NaN
2009,66.9333333,NaN,NaN
2010,66.9666667,NaN,NaN
2011,67,NaN,NaN
2012,67.0333333,NaN,NaN
2013,67.0666666,NaN,NaN
2014,67.1,NaN,NaN
2015,67.1333333,NaN,NaN
2016,67.1666667,NaN,NaN
2017,67.2,1263,437.5
2018,67.2333334,1260.99493518987,437.541772183544
2019,67.2666666,1258.98987037975,437.583544367089
2020,67.3,1256.98480556962,437.625316550633
2021,67.3333333,1254.97974075949,437.667088734177
2022,67.3666667,1252.97467594937,437.708860917722
2023,67.4,1250.96961113924,437.750633101266
2024,67.4333333,1248.96454632911,437.79240528481
2025,67.4666666,1246.95948151899,437.834177468354
2026,67.5,1244.95441670886,437.875949651899
2027,67.5333333,1242.94935189873,437.917721835443
2028,67.5666667,1240.94428708861,437.959494018987
2029,67.6,1239,438
2030,67.6333334,1236.28726541646,438.029486245473
2031,67.6666666,1233.57453083292,438.058972490947
2032,67.7,1230.86179624938,438.08845873642
2033,67.7333333,1228.14906166584,438.117944981893
2034,67.7666667,1225.4363270823,438.147431227366
2035,67.8,1222.72359249876,438.17691747284
2036,67.8333333,1220.01085791522,438.206403718313
2037,67.8666666,1217.29812333168,438.235889963786
2038,67.9,1214.58538874814,438.265376209259
2039,67.9333333,1211.8726541646,438.294862454733
2040,67.9666667,1209.15991958106,438.324348700206
2041,68,1206.44718499752,438.353834945679
2042,68.0333334,1203.73445041398,438.383321191153
2043,68.0666666,1201.02171583044,438.412807436626
2044,68.1,1198.3089812469,438.442293682099
2045,68.1333333,1195.59624666336,438.471779927572
2046,68.1666667,1193,438.5
2047,68.2,1190.17142602449,438.535804733867
2048,68.2333333,1187.34285204898,438.571609467734
2049,68.2666666,1184.51427807347,438.607414201602
2050,68.3,1181.68570409796,438.643218935469
2051,68.3333333,1178.85713012245,438.679023669336
2052,68.3666667,1176.02855614694,438.714828403203
2053,68.4,1173.19998217143,438.750633137071
2054,68.4333333,1170.37140819592,438.786437870938
2055,68.4666667,1167.54283422041,438.822242604805
2056,68.5,1164.7142602449,438.858047338672
2057,68.5333333,1161.88568626939,438.893852072539
2058,68.5666667,1159.05711229387,438.929656806407
2059,68.6,1156.22853831836,438.965461540274
2060,68.6333333,1153.5,439
2061,68.6666667,1149.91952814777,438.928390562955
2062,68.7,1146.33905629553,438.856781125911
2063,68.7333334,1142.7585844433,438.785171688866
2064,68.7666666,1139.17811259106,438.713562251821
2065,68.8,1135.59764073883,438.641952814777
2066,68.8333333,1132.01716888659,438.570343377732
2067,68.8666667,1128.5,438.5
2068,68.9,1125.05797138754,438.433164492962
2069,68.9333333,1121.61594277509,438.366328985924
2070,68.9666666,1118.17391416263,438.299493478886
2071,69,1114.73188555018,438.232657971848
2072,69.0333333,1111.28985693772,438.16582246481
2073,69.0666667,1107.84782832526,438.098986957772
2074,69.1,1104.40579971281,438.032151450734
2075,69.1333333,1100.96377110035,437.965315943696
2076,69.1666667,1097.52174248789,437.898480436658
2077,69.2,1094.07971387544,437.83164492962
2078,69.2333333,1090.63768526298,437.764809422582
2079,69.2666667,1087.19565665053,437.697973915544
2080,69.3,1083.75362803807,437.631138408506
2081,69.3333334,1080.31159942561,437.564302901468
2082,69.3666666,1077,437.5
2083,69.4,1073.3999976,437.591139301266
2084,69.4333333,1069.7999952,437.682278602532
2085,69.4666667,1066.1999928,437.773417903797
2086,69.5,1062.5999904,437.864557205063
2087,69.5333333,1058.999988,437.955696506329
2088,69.5666666,1055.3999856,438.046835807595
2089,69.6,1051.7999832,438.137975108861
2090,69.6333333,1048.1999808,438.229114410126
2091,69.6666667,1044.5999784,438.320253711392
2092,69.7,1040.999976,438.411393012658
2093,69.7333333,1037.5,438.5
2094,69.7666667,1034.93469664383,438.558972490947
2095,69.8,1032.36939328765,438.617944981893
2096,69.8333334,1029.80408993148,438.67691747284
2097,69.8666666,1027.23878657531,438.735889963786
2098,69.9,1024.67348321913,438.794862454733
2099,69.9333333,1022.10817986296,438.853834945679
2100,69.9666667,1019.54287650679,438.912807436626
2101,70,1016.97757315061,438.971779927572
2102,70.0333333,1014.41226979444,439.030752418519
2103,70.0666666,1011.84696643827,439.089724909465
2104,70.1,1009.28166308209,439.148697400412
2105,70.1333333,1006.71635972592,439.207669891358
2106,70.1666667,1004.15105636974,439.266642382305
2107,70.2,1001.58575301357,439.325614873251
2108,70.2333334,999.020449657398,439.384587364198
2109,70.2666666,996.455146301224,439.443559855144
2110,70.3,994,439.5
2111,70.3333333,992.997467594937,439.5
2112,70.3666667,991.994935189873,439.5
2113,70.4,990.99240278481,439.5
2114,70.4333333,989.989870379747,439.5
2115,70.4666667,988.987337974684,439.5
2116,70.5,987.98480556962,439.5
2117,70.5333334,986.982273164557,439.5
2118,70.5666666,985.979740759494,439.5
2119,70.6,985,439.5
2120,70.6333333,984.523797131405,439.600253235494
2121,70.6666667,984.04759426281,439.700506470987
2122,70.7,983.571391394215,439.800759706481
2123,70.7333333,983.09518852562,439.901012941975
2124,70.7666666,982.618985657026,440.001266177468
2125,70.8,982.142782788431,440.101519412962
2126,70.8333333,981.666579919836,440.201772648456
2127,70.8666667,981.190377051241,440.302025883949
2128,70.9,980.714174182646,440.402279119443
2129,70.9333334,980.237971314051,440.502532354937
2130,70.9666666,979.761768445456,440.60278559043
2131,71,979.285565576861,440.703038825924
2132,71.0333333,978.809362708266,440.803292061417
2133,71.0666667,978.333159839671,440.903545296911
2134,71.1,977.856956971076,441.003798532405
2135,71.1333333,977.380754102481,441.104051767898
2136,71.1666666,976.904551233887,441.204305003392
2137,71.2,976.428348365292,441.304558238886
2138,71.2333333,975.952145496697,441.404811474379
2139,71.2666667,975.5,441.5
2140,71.3,975.458227816456,441.416455632911
2141,71.3333334,975.416455632911,441.332911265823
2142,71.3666666,975.374683449367,441.249366898734
2143,71.4,975.332911265823,441.165822531646
2144,71.4333333,975.291139082279,441.082278164557
2145,71.4666667,975.249366898734,440.998733797468
2146,71.5,975.20759471519,440.91518943038
2147,71.5333333,975.165822531646,440.831645063291
2148,71.5666666,975.124050348101,440.748100696202
2149,71.6,975.082278164557,440.664556329114
2150,71.6333333,975.040505981013,440.581011962025
2151,71.6666667,975,440.5
2152,71.7,975.385589416224,440.5
2153,71.7333334,975.771178832447,440.5
2154,71.7666666,976.15676824867,440.5
2155,71.8,976.542357664894,440.5
2156,71.8333333,976.927947081118,440.5
2157,71.8666667,977.313536497341,440.5
2158,71.9,977.699125913565,440.5
2159,71.9333333,978.084715329788,440.5
2160,71.9666666,978.470304746011,440.5
2161,72,978.855894162235,440.5
2162,72.0333333,979.241483578459,440.5
2163,72.0666667,979.627072994682,440.5
2164,72.1,980,440.5
2165,72.1333333,981.321520228769,440.545569663061
2166,72.1666667,982.643040457538,440.591139326122
2167,72.2,983.964560686307,440.636708989183
2168,72.2333333,985.286080915076,440.682278652244
2169,72.2666666,986.607601143845,440.727848315305
2170,72.3,987.929121372614,440.773417978366
2171,72.3333333,989.250641601383,440.818987641427
2172,72.3666667,990.572161830152,440.864557304488
2173,72.4,991.89368205892,440.910126967549
2174,72.4333334,993.215202287689,440.95569663061
2175,72.4666666,994.5,441
2176,72.5,997.077939733608,441.071609437045
2177,72.5333333,999.655879467217,441.143218874089
2178,72.5666667,1002.23381920083,441.214828311134
2179,72.6,1004.81175893443,441.286437748179
2180,72.6333333,1007.38969866804,441.358047185223
2181,72.6666666,1009.96763840165,441.429656622268
2182,72.7,1012.5,441.5
2183,72.7333333,1014.72784978903,441.444303755274
2184,72.7666667,1016.95569957806,441.388607510549
2185,72.8,1019.18354936709,441.332911265823
2186,72.8333333,1021.41139915612,441.277215021097
2187,72.8666667,1023.63924894515,441.221518776371
2188,72.9,1025.86709873418,441.165822531646
2189,72.9333333,1028.09494852321,441.11012628692
2190,72.9666667,1030.32279831224,441.054430042194
2191,73,1032.5,441
2192,73.0333334,1033.86708951899,441.045569650633
2193,73.0666666,1035.23417903797,441.091139301266
2194,73.1,1036.60126855696,441.136708951899
2195,73.1333333,1037.96835807595,441.182278602532
2196,73.1666667,1039.33544759494,441.227848253164
2197,73.2,1040.70253711392,441.273417903797
2198,73.2333333,1042.06962663291,441.31898755443
2199,73.2666666,1043.4367161519,441.364557205063
2200,73.3,1044.80380567089,441.410126855696
2201,73.3333333,1046.17089518987,441.455696506329
2202,73.3666667,1047.5,441.5
2203,73.4,1048.5025326557,441.562658290981
2204,73.4333334,1049.50506531139,441.625316581962
2205,73.4666666,1050.50759796709,441.687974872943
2206,73.5,1051.51013062279,441.750633163924
2207,73.5333333,1052.51266327848,441.813291454905
2208,73.5666667,1053.51519593418,441.875949745886
2209,73.6,1054.51772858987,441.938608036867
2210,73.6333333,1055.5,442
2211,73.6666666,1055.5,442.071609467734
2212,73.7,1055.5,442.143218935469
2213,73.7333333,1055.5,442.214828403203
2214,73.7666667,1055.5,442.286437870938
2215,73.8,1055.5,442.358047338672
2216,73.8333334,1055.5,442.429656806407
2217,73.8666666,1055.5,442.5
2218,73.9,1054.42585844433,442.643218874089
2219,73.9333333,1053.35171688866,442.786437748179
2220,73.9666667,1052.27757533299,442.929656622268
2221,74,1051.20343377732,443.072875496357
2222,74.0333333,1050.12929222165,443.216094370447
2223,74.0666666,1049.05515066598,443.359313244536
2224,74.1,1048,443.5
2225,74.1333333,1045.61898553797,443.583544367089
2226,74.1666667,1043.23797107595,443.667088734177
2227,74.2,1040.85695661392,443.750633101266
2228,74.2333334,1038.4759421519,443.834177468354
2229,74.2666666,1036.09492768987,443.917721835443
2230,74.3,1033.71391322785,444.001266202532
2231,74.3333333,1031.33289876582,444.08481056962
2232,74.3666667,1028.9518843038,444.168354936709
2233,74.4,1026.57086984177,444.251899303798
2234,74.4333333,1024.18985537975,444.335443670886
2235,74.4666666,1021.80884091772,444.418988037975
2236,74.5,1019.5,444.5
2237,74.5333333,1018.24683512025,443.998734048101
2238,74.5666667,1017,443.5
2239,74.6,1016.19797375514,441.294427826632
2240,74.6333334,1015.39594751028,439.088855653264
2241,74.6666666,1014.59392126542,436.883283479896
2242,74.7,1013.79189502056,434.677711306527
2243,74.7333333,1013,432.5
2244,74.7666667,1012.74936702405,427.988606432912
2245,74.8,1012.5,423.5
2246,74.8333333,1011.66455632911,419.155692911393
2247,74.8666666,1010.82911265823,414.811385822785
2248,74.9,1010,410.5
2249,74.9333333,1009.49873359696,406.189108933871
2250,74.9666667,1008.99746719392,401.878217867743
2251,75,1008.49620079089,397.567326801614
2252,75.0333334,1007.99493438785,393.256435735486
2253,75.0666666,1007.5,389
2254,75.1,1007.33291126582,384.906326012658
2255,75.1333333,1007.16582253165,380.812652025316
2256,75.1666667,1006.99873379747,376.718978037974
2257,75.2,1006.83164506329,372.625304050632
2258,75.2333333,1006.66455632911,368.53163006329
2259,75.2666666,1006.5,364.5
2260,75.3,1006.43734173252,361.116453555855
2261,75.3333333,1006.37468346503,357.732907111709
2262,75.3666667,1006.31202519755,354.349360667564
2263,75.4,1006.24936693006,350.965814223419
2264,75.4333334,1006.18670866258,347.582267779274
2265,75.4666666,1006.1240503951,344.198721335128
2266,75.5,1006.06139212761,340.815174890983
2267,75.5333333,1006,337.5
2268,75.5666667,1005.95443034937,336.315189083544
2269,75.6,1005.90886069873,335.130378167089
2270,75.6333333,1005.8632910481,333.945567250633
2271,75.6666666,1005.81772139747,332.760756334178
2272,75.7,1005.77215174684,331.575945417722
2273,75.7333333,1005.7265820962,330.391134501266
2274,75.7666667,1005.68101244557,329.206323584811
2275,75.8,1005.63544279494,328.021512668355
2276,75.8333334,1005.5898731443,326.8367017519
2277,75.8666666,1005.54430349367,325.651890835444
2278,75.9,1005.5,324.5
2279,75.9333333,1005.7227849789,322.494935189873
2280,75.9666667,1005.94556995781,320.489870379747
2281,76,1006.16835493671,318.48480556962
2282,76.0333333,1006.39113991561,316.479740759494
2283,76.0666666,1006.61392489452,314.474675949367
2284,76.1,1006.83670987342,312.46961113924
2285,76.1333333,1007.05949485232,310.464546329114
2286,76.1666667,1007.28227983122,308.459481518987
2287,76.2,1007.5,306.5
2288,76.2333334,1007.5,302.08885829995
2289,76.2666666,1007.5,297.677716599899
2290,76.3,1007.5,293.266574899849
2291,76.3333333,1007.5,288.855433199799
2292,76.3666667,1007.5,284.5
2293,76.4,1007.5,280.489866369613
2294,76.4333333,1007.5,276.479732739226
2295,76.4666666,1007.5,272.5
2296,76.5,1007.78643774818,269.492403644123
2297,76.5333333,1008.07287549636,266.484807288247
2298,76.5666667,1008.35931324454,263.47721093237
2299,76.6,1008.64575099271,260.469614576494
2300,76.6333334,1008.93218874089,257.462018220617
2301,76.6666666,1009.21862648907,254.454421864741
2302,76.7,1009.5,251.5
2303,76.7333333,1009.24936683608,250.246834180379
2304,76.7666667,1008.99873367215,248.993668360759
2305,76.8,1008.74810050823,247.740502541138
2306,76.8333333,1008.5,246.5
2307,76.8666666,1008.64321893547,245.640686387187
2308,76.9,1008.78643787094,244.781372774373
2309,76.9333333,1008.92965680641,243.92205916156
2310,76.9666667,1009.07287574188,243.062745548747
2311,77,1009.21609467734,242.203431935933
2312,77.0333334,1009.35931361281,241.34411832312
2313,77.0666666,1009.5,240.5
2314,77.1,1009.5,237.074680949367
2315,77.1333333,1009.5,233.649361898734
2316,77.1666667,1009.5,230.224042848101
2317,77.2,1009.5,226.798723797468
2318,77.2333333,1009.5,223.373404746834
2319,77.2666666,1009.5,220
2320,77.3,1009.5,217.493673999994
2321,77.3333334,1009.5,215
2322,77.3666667,1009.62531658196,213.746834180379
2323,77.4,1009.75063316392,212.493668360759
2324,77.4333333,1009.87594974589,211.240502541138
2325,77.4666666,1010.00126632785,209.987336721518
2326,77.5,1010.12658290981,208.734170901897
2327,77.5333333,1010.25189949177,207.481005082276
2328,77.5666667,1010.37721607373,206.227839262656
2329,77.6,1010.5,205
2330,77.6333334,1010.5,204.849620124203
2331,77.6666666,1010.5,204.699240248405
2332,77.7,1010.5,204.548860372608
2333,77.7333333,1010.5,204.39848049681
2334,77.7666667,1010.5,204.248100621013
2335,77.8,1010.5,204.097720745215
2336,77.8333333,1010.5,203.947340869418
2337,77.8666666,1010.5,203.79696099362
2338,77.9,1010.5,203.646581117823
2339,77.9333333,1010.5,203.5
2340,77.9666667,1010.2772150211,203.555696244726
2341,78,1010.05443004219,203.611392489451
2342,78.0333334,1009.83164506329,203.667088734177
2343,78.0666666,1009.60886008439,203.722784978903
2344,78.1,1009.38607510549,203.778481223629
2345,78.1333333,1009.16329012658,203.834177468354
2346,78.1666667,1008.94050514768,203.88987371308
2347,78.2,1008.71772016878,203.945569957806
2348,78.2333333,1008.5,204
2349,78.2666666,1008.5,206.278482531645
2350,78.3,1008.5,208.556965063291
2351,78.3333333,1008.5,210.835447594936
2352,78.3666667,1008.5,213.113930126582
2353,78.4,1008.5,215.392412658227
2354,78.4333334,1008.5,217.670895189873
2355,78.4666666,1008.5,219.949377721518
2356,78.5,1008.5,222.227860253164
2357,78.5333333,1008.5,224.506342784809
2358,78.5666667,1008.5,226.784825316455
2359,78.6,1008.5,229
2360,78.6333333,1008.29949349894,232.859750145469
2361,78.6666666,1008.09898699787,236.719500290937
2362,78.7,1007.89848049681,240.579250436406
2363,78.7333333,1007.69797399575,244.439000581874
2364,78.7666667,1007.49746749468,248.298750727343
2365,78.8,1007.29696099362,252.158500872812
2366,78.8333334,1007.09645449256,256.01825101828
2367,78.8666666,1006.89594799149,259.878001163749
2368,78.9,1006.69544149043,263.737751309217
2369,78.9333333,1006.5,267.5
2370,78.9666667,1006.43734173252,271.008862979114
2371,79,1006.37468346503,274.517725958227
2372,79.0333333,1006.31202519755,278.026588937341
2373,79.0666666,1006.24936693006,281.535451916454
2374,79.1,1006.18670866258,285.044314895568
2375,79.1333333,1006.12405039509,288.553177874682
2376,79.1666667,1006.06139212761,292.062040853795
2377,79.2,1006,295.5
2378,79.2333334,1005.93734170902,298.507597967089
2379,79.2666666,1005.87468341804,301.515195934179
2380,79.3,1005.81202512706,304.522793901268
2381,79.3333333,1005.74936683608,307.530391868358
2382,79.3666667,1005.68670854509,310.537989835447
2383,79.4,1005.62405025411,313.545587802537
2384,79.4333333,1005.56139196313,316.553185769626
2385,79.4666666,1005.5,319.5
2386,79.5,1005.5,322.50759721519
2387,79.5333333,1005.5,325.51519443038
2388,79.5666667,1005.5,328.52279164557
2389,79.6,1005.5,331.530388860759
2390,79.6333334,1005.5,334.537986075949
2391,79.6666666,1005.5,337.545583291139
2392,79.7,1005.5,340.553180506329
2393,79.7333333,1005.5,343.560777721519
2394,79.7666667,1005.5,346.568374936709
2395,79.8,1005.5,349.575972151898
2396,79.8333333,1005.5,352.583569367088
2397,79.8666666,1005.5,355.5
2398,79.9,1005.5,358.657976444354
2399,79.9333333,1005.5,361.815952888708
2400,79.9666667,1005.5,364.973929333062
2401,80,1005.5,368.131905777416
2402,80.0333334,1005.5,371.28988222177
2403,80.0666666,1005.5,374.447858666125
2404,80.1,1005.5,377.605835110479
2405,80.1333333,1005.5,380.763811554833
2406,80.1666667,1005.5,383.921787999187
2407,80.2,1005.5,387
2408,80.2333333,1005.5,390.107849834126
2409,80.2666666,1005.5,393.215699668253
2410,80.3,1005.5,396.323549502379
2411,80.3333333,1005.5,399.431399336506
2412,80.3666667,1005.5,402.5
